,text,likes
0,δ²?ΤοΧ£¬Σ£άτόεζΘΞ³£¬ριΟΠοΩέ€ν»μ«?κσο±£¬ΡΪΣίθβΣήαξψΗξάΫέέΒρύμιφ¦φϊ°Μ½Φυ,323
6,"ΫέΰσΚ«ΧκετΨ»Φυβ©, Ξ―κ¬Κ«ΧκετΨ»Φυο±; 
ΫέΰσψάξΚϋσβ©β²ΚΖ, Ξ―κ¬ψΩξΚ?ψωβ²ΚΖ.",242
2,??ξάοΩέ€άτ?£¬τΈΧβ?ι»‘£,236
645,"ριΟΠΠΞΡ’Ω£ελ 
μΡΪΕμιΪβψάξ€β©Χλ
μιΪβω¬ΩΥξ€ΝΥΧλ
α³έΟϋυψϊγΖ Κ£ξά ζΡ? ΧΗν­ο½ΩΝ",180
8,ςΑχλΰχΤ΄?ήΐ? κσ?κσςΑχλβ©ξ¬ ?,167
5,?ήΕγΐξΟ?ΣήξάτΈξ¬μΡό‘.μΡΪΕλξζΤι©ΚοήσΣΪ.Υ―φψ’πΩξάΟΠΚ«,150
646,ΜΡ?Τ΄ξΟεΖΦυό½τΈτΈξϊΡ¦£¬Στχ₯κΞϊφΣζϊ­‘£?Κ₯αάήΤΝύζΤήͺΥΘΤπϊΘΩ£‘£,126
3,?σ­ϋσ?μιςΑγΐδ²?ν»ΰάϋσ£¬?ν»Οήπ§‘£,106
13,α³έΟ?£Ίδ²??Ψί΄Τ΄??£¬κσδ§?ΠτΞΦξά,106
1,?γΐ??γζ?ϋΏ£¬?κσβ©?£¬?κσζΉοΧ£¬γζ?ριξά?Κ«μιςΑΡα??κΕ?ϋΏ,96
651,"ξΟΛΑΣΪγΐάτγΐπτς’θ«χοΥΞξά, ??ΦΥγΐυΞΉμΡΩ€. χκμΡΚΰά¨Φ‘θ«!!",85
14,Κοήσ??γωξάΡΐΦβψΈ,77
7,?άτγΐΞΓψμιλ ?γΐίΎκύξ€ΰάϋσ,64
650,χμΩ₯φ¦γΐριΝμΝΊλςξά£¬εΣΚΐς’ξάμΡΤ΄ΩΝφΥΞΞ·Νμ?ΣΪξ€?δ§???,62
649,ίΎκσθΰρΊω»κσΥ΄ΠΖ ξΟΟΠΚ«ρώφυΟΣξπτΥΞ ΩΟ­Φυ,60
11,"α³έΟϋυ£Ίδ²πΣΟΠξάσ³ν­φςΑοΘΛΣπΣ¬Παξάβ©Χ΅£‘?Φυ?£‘
ΪΕ?£Ί?‘¦‘¦σ³ν­?ω»ΛΫΦυ‘¦
α³έΟϋυ£ΊξΟγΐνΦβ©οσΝνφκσδ§?ϋΏΣήΜσα³ΞΦξά£‘£‘
ΪΕ?£Ί‘¦‘¦‘¦‘¦‘¦‘¦",59
648,Κ¦?ξάάτγΐξ¬Ρρ£¬Κ¦?ξάγΐάτεΣμΡς±Τ³κσξ¬ΡρΫ‘ίζ£¬μιπΙπΙξάμΡΩ€φ¦ξΟεΖω¬άζαπαΌγΣάτω¬ΞΌρΌ,56
22,δη?μιο·δΜϋΏ,51
12,ΠΡτΈλΪγΏςΑοΘξ€?λείΎ?ψΜΣόΦυ,50
28,ιΡωΡιΡϋσιΡ?£‘ 2020?ξάγΐΣήγΑΣΫ£‘,46
436,ΚΧάτΣπϊ°Ϋ―?β’ΥΓβ’ωχϋσξάΣήϊώψϊζΡΦυ£¬ε₯γΐμι??ΣΫξά?άΖ‘£,43
653,μιο·Κ¦ΫΑΚ¦Νσ ?ϊͺΦυ?ξάΟΠ,42
435,ς¨ς₯χϊρ«άΓΤ³ήΐγω£¬ρΌλςδΜξο??,41
9,ζΘδ§?ζΘ???ξΟ?κΙΣήξάπΣΟΠκσξάγΐο±??,39
25,??ξά??ρώφιΔςθ??ϋ‘ι»£¬ΚΧΦυ?μΡϋΏγύχΤ‘£???ξάέΒϊ½,39
655,"Ω£έ¬Πμγω‘¦ΝμσΣ?
ν»ΠωμΡίζ ν»ΠωΛΫξ³φ’έΗ??",37
27,Κ¦ΫΑΚ¦Νσ,36
454,β©?ήΜΡΓ ?κΉ?ςδ‘£?ΠΞψΑ,35
652,"ΦΥό₯μιΟ££¬
ξΟρώγΐΛ§Λγ·£‘",35
10,"ΣίεΪα³έΟϋυΥΞΰγμιοι©Σον­χΤςδφβγστχ£¬σ¦ό½ι©ϋΏύσ­£¬ξ¦όεΫ‘ϊή£¬ΣΪξά""""ΪΈϋΏ""""",33
26,?’¦£‘μ«Ωνό₯Κ¦ΰγΦυ‘£ ζΤμ»?κσχΌύξάα³έΟϋυό½ξ€έΟγήχΌψΑ£‘,32
444,Ωήΐξά£¬ιΡάτγΐξοΨόΰυξάξ€β©ξΌ£¬μΡό½γΐφ?ΣπδΜξοξάς’Ϋ°‘£,31
4,ς’θ«ριξάριΟΠ‘£ ΝΤΞ―ΩνιΨ‘£ΫέΰσύήΝΘ,29
434,?ζΤδ²ε₯???ί²???£¬Σ£γΐ?γΐι©?Ο£ΝλΤ³?£¬ρ?μιΩ£χΟίζχΟ?ξάρμ?μΡ ί¦ϋΡ?ω¬ετ?γΐίΘκσξάήΐοΧ...??άτω±ΚοΣπ?όΛ‘£,29
526,ιΡξ’άΓΚ£νΐΦωΦυ£¬δηγΚΤ΄ΰγΦυΚ¦ΫΑΚ¦Νσ£¬μ»σ¦παΨ‘Μ±ε₯ΣίθβΡΐνΊΰγΦυ£¬ριΟΠμ«ΜθΦ§17τΈΩω»ιλΦυ£¬ωΑβ©πΔφ¦χάί€Φυ,29
464,Ωήΐ?£‘γ§Τ΄ΰγρώγΐΫΑξ¬ζΡγ§£¬εύΝύ?ερρμξάό₯£¬γ§ό½όεκσγΑΚΰΛΫΞ·ϊΕωϋξάήΐ?£Ώ,28
654,ϋΏγύξάαΌΫΑκ¬£¬α³Ο·ε₯Ο­Φυ??,28
658,"φΪζρΛφ¦Ϊζ?£‘
β©Ωώό»ΜΡΛΗά¨Φυ£¬ά¬?Λ°ωΑ?Τ³£¬?άτ?ξά‘£",28
659,ΚΧΣπ???ψάξ€β©Χμδ²φ¦Ϋ―γύΦυ£¬?σψίζ?ξάίΣ?ϋΏ?£¬??ιΡξ’σ­?Φυ£‘,28
662,ΰ»χκΟ’ν­φθ?£¬β©ΨΌΡΡί££¬ξ’?οΓ?ιλ£¬ΡαήΑ?ΪΕ?ξ¦φ?ρι?Νμ??ΚολΪΣγΣμ£¬χΤΝΦΧ΅τρ‘£,28
16,ς’Ϋ°Ξ―???ϋΏ£¬?κσετΣπμ£ί²?μ«?άτ?Φυ£‘ρι?ϋΏάκάκ ????,25
34,Ωήΐξά  ριΟΠϋΏάκάκ,25
433,"β©?υφπλ,ΣήϋΏρύ΄",25
445,Ω?ΚοΚΖ£¬έοΞςΞΌγύμνάβκ¨άββ©ξ¬£¬τΈιΞμνάβ????,25
448,δ²φ¦υσίζξ€?Λ°Σή?ΡυδΝ£¬α³?ύ¦ίΘΛΫΡα?ί¦ϋΡ?ίΎθΜ‘£ΤΟτΈΡα???ϋϊ?ς’ίΣ?£¬ωΎτΈ?ω¬β©ετ?‘£ΠΡ΄ξάβ©άτί©γΐΣή‘£,25
32,ριΟΠμΡΪΕι©ίΣγαΣΪ£‘δρΣΪ£‘ξΟήΑΤ΄γΐΚ£ξάη―ψΈ£¬άτι©ίΣγα£‘,24
29,"α³ηιΩΎΰγ, ξΟμιο·Τ΄γΐΪΈπ¨PSΣρξά, μιο·Τ΄γΐΚ£ξά, δ²ΩϊρώτιψΠν­όΥΰγ, τΈΝφεύστηΥΗ, ωΑβ©εύσψΑπ‘, ϊήξ€ξάριΟΠγΐτΆ΄ΥΞυΜϋΏξάη΄ΜΨ?",23
18,ΣμΟΠυΕΧβΚΧΜΈξΟ?ύσ³ω¬υψρΛ ψ΅δͺδΡΫ‘ΞΓ ύιέΗΣπύΊ?ξΚ,22
478,ύξ¬ύΡρ£¬ω»μιάΖγΐΡΖόΨΤκΥέ?‘£,22
15,‘°?ϊͺΦυδ²ξά?£‘‘± ‘°ί²?Σή?Κ¦ΫΑκ«ν­?£‘‘± ΦΥΫέΰσάτιΔ?γύ‘£,21
24,ν»ίζν»Ψώ£¬ΝμέγθΗξοΩΚοΚΖ,21
663,ξΟφ¦γΐΜύΧωί£β©Λ£τΈω»£Ώ,21
665,οΩέ€ΩΗϊͺ£¬ΣΧγύξ¬ύ­ήέγ»ζ¨?Υ―ν²ίζςπά»ζ¨θ°ζΉ.,21
452,ΚΧεΖν­ί²ϊςΣή?ρώι©άτ?£¬ριΟΠ?σψΤ΄όεΣίΝμ?ΣΪΚολΪαλσΖ‘£,19
566,γαΣΪγαγ§ρ«ΰ¬φ¦Ωνήΐ£‘Τς€ΩϊΚ₯κϊ??ΣΪϋΏύο±ζΘ?μΡ£‘μιο?όεα³???Νύ?£‘αΆμ€??ϊΕωϋμΡζΘο±??,19
38,ίΣγαΝμ?ΣΪ    ξοΚ«ξ―?β©ετΞΓ    ίΣγαΝμ?ΣΪ   μΡΪΕΝΘωλωλ    τλσέσέ?ΩϊΟΠΚ°ξρΠϊΟ£?~ΚΐκΘριΟΠμΡ,18
45,τΈΑμΡκ³?£‘ΦΥΫέΰσχΌΝΘΦυ£¬ΚΧΝΦΦυ‘£Σ£κ΄?τΈΛ½ξάϋσβ©μιΦΨ??ριΡυΛΥ£¬?ΧμΨόξάμΡΤ΄?ΰχθέψ’κύυσ?‘£,18
446,ψφπΉίΐ?ερρμ£¬η―ψΈΚΧΡΓΥΞό½ϋΏ‘£,18
657,?ϊͺΦυ£‘Τ΄β©?χΚΟΠΦυό½ξ€ή«Ρ¦ή«χ₯κΞϊφχ»Ψ½£‘Κ¦ΥϋξάριΝμΫέΰσ£‘,18
660,?ΡαήΑξ€π―μι?ΝονΒξάαΌΫΑμΡ?φΘΜΧ‘£,18
44,εΣψμω¦ιλΥΞξάΜΪΨνΦ­μιήΑ?,17
85,"Ραχ»Ρ©σ³ω¬ϋσβ©ΣαρΛξά?Ψό?Φ΅μΡςθ?£¬ύρΨΠέΎΠΞΛάΪΕμιο·δΜϋΏ£‘

ΣίδΝοΩέ€Σίχ»Ψ½ρξάμιο·Ν³ζΤΦ΅μΡέΙΑ£¬Σ£μΡΪΕΩνΝΠ‘¦‘¦‘¦ύρΨΠςΈα΄χ»Ψ½ξΟά«άτι©ξ’υσϊήΚΧζπΧ’ξάί«ΰυόήάέ£‘",17
670,ΠιοκσμΡςυλχ?Κ££¬ΩώνΝΓ£Ίhttps://cj.sina.com.cn/articles/view/7134060152/1a9391e7800100sbb9?from=finance&subch=insurance,17
118,"άτ? ?? α΄?γΐδ²ΣΪ?ΥήνΒ? 

Κ¦ΫΑΚ¦Νσάτ?£¬κσΣΪξ€α¨κΕπ‘ϋΏ£¬Ϊγοα14εβμΡήέάτθΗξά 
σ’?γχ?£Ώξ€Σή?ΨΪ?ρι?ζΤαΌγχξάψμιλϋσ? Σ£γΐΚΧ??οα?‘’?κΞξάΨΪ?Ου?αΆυΟακξάγζ?£¬ιΡήΔϋΊ?ΠΖ?φ¦?κσδ§?ϋσβ©£¬??ίΎω»?ψΑΥΘ?‘£ξΟ?άβάτγΐτΈξ¬πγΰχξά,ξΟβ©Υα?άβγΐμΡ?ξά,ά¬ξ€Ξ¦ΣψΛΫ‘,ϋΏϋΏξάςΰ­ξΟψΈχΟς’!τΈξ¬£ΏΩνμΡΚςΩύγΐμΡό‘....",16
441,χΟς’ζ¨γΥω©ωίβ©πΔφ¦ψιϋϊαΆμ€μςωΌιλΥαω»Σπς’ψϊΤ΄ΠϊϋΊΣήύβ¦Τ΄Ξ΄Χ΅ΣπωΑΧ΅ςδΣπνώΛ°,16
603,"?? άτγΐό½κσμΡΪΠγΚήΊ? Ραφ¦ψϊγΖΩήΐ ό½γΐκσμΡ?Νέξά άτγΐ? Ωήΐξά
?ΚΖΤπξΟΛΑγΚήΊΧλξάϊ°ΰγκ¬γΐΩατΞ¦?λΐ ΞιΨόίΎΩδ§?β© δ§?Π£ΞιΨόίΎΩδ§?β© Ξι?ΦΨγΐκσΥͺσ¬ξά ?άτς±Τ³? ό½γΐΰγ?σψΟΠΞιΨόψΑοΘΦΨΨό",16
48,Ρα??μΡ?ζΤγΐΚΞέ»Φυ£¬φ?ΤπΣπ1wκͺ?πΎ£¬ΠμφβμΡήέάτήέ£¬ΩιαΆ?Φυ,15
43,ΚΧΥΞϋσξ¬Ξ¦ύ­£¬Ψβσ³γΑι©Λώ?ξάΜΪν¨α¬£¬ΨσΤπιηΣπΦυύΩγύίΒμΡλίΨΎγωοΧΨγψάβ©σ³‘£,14
593,????ϋσβ©?κΞ£¬ρμ?‘’Ωλ?‘’ΡυΜΘ‘’ίΎϊ­£¬μιΧΆ?ω»ΛΫ?  ----   ν»ζΤ?ϊͺ?άτΚ¦ωχΥτ£¬?έοω¬τΉάΕΚΞ?ω»Λ­£¬ϋΏΞίΣΫ £‘,14
20,α³έΟϋυά¨α΄Φυ£¬γΐτΑΪοετΦυ£ΏγτΝΘριΟΠΦΥΫέΰσΦυ£¬Κ₯κϊ£‘,13
23,Ϋέΰσ?γΐι°ΝΦΩι?‘¦,13
36,ΰ»ΜΈγ§ί²ϊςΣή?Οχ?ρύύ­ξάίόΟ?£Ώ,12
57,ίΎκύβ©?Ϋ―β©,12
74,ρι?Νμί§?ͺ¬ͺΔͺΦͺμͺμͺΠ‘’μνάβͺ«ͺιω¬ϊͺͺΛπδͺοͺμͺΏμΡ?ͺΨύͺ―ͺΞκ΅πΎͺ¬υσ?ͺλͺΗͺ·ͺηͺ¦‘£Χφ?ͺΞιμΡΣΉθΧνεͺΓͺΖͺ―ͺΐͺ΅ͺ€‘£,12
132,"ριΟΠμΡάτβΝι©θβΝ£?πΎ

ριΟΠμΡν»ΠωΚ¦μ€ϊ°Μ½",12
489,ϋΏπΌΤι£¬β©?ξ―?!,12
528,?ύΛΑΰύΤ΄κσβ© £¬ β©?ξ― ξρΤ²μιψΈΣήϋΏ?‘£,12
21,οΩφ½Ψ‘νήάτΤ£¬Σ£γ·πϋΤΩώΤπϊ£¬τΈιΞό€μΡΤψΰοΨΞ¦ξ¬δψ‘£,11
17,ΟΠΚ«μιο·δΜξο£¬ξοΪΕμ«ςδμύα³Λ¬ήδόε£¬?Ωϊφ¦?Σ½γύΦυ,10
30,ΚοήσέΒϊ½υΜγζοΧόΟ ρΌλςδΜξο τΈιήΤψΰ??,10
547,Ν―μΡφ½β©μ€αΒ??ρ«£¬?ξ€μ€πζ?Μ°??ρ«‘£ϋϊτΈΤΰ~ϋϊς’Τΰ~~ϋϊμΡΤΰ ?ξάγΐΠμ?Ωι? ??ύ??,10
671,α³Κ¨ ρΌλςάΑψΑδΜ,10
467,ιηβ©φΞΫ‘ ξΟγΐι©ΣήΫ‘ΦυδΉ,9
647,China can build floating cities now. Lmao ??.,9
666,"ριΟΠΞ―£Ί‘Έ ϋΏτ€σΣ?‘’??χύ‘’??χύ  ? ‘Ή

?μιριΟΠΞ―£Ί‘Έ Ραφ¦?φαξ’χοή«Ρ¦ΛΫι€χ»Ψ½? ...‘Ή",9
47,άΓ?ΰυαΌή¨πϋεΪΥΞΦυ£‘,8
58,gdpιΡ?Φυ,8
156,β©Χ΅??Πα£¬μιογΐίΎκύβ©?ξ€Ϋ―β©‘£??γΐμΡ?£¬άτγΐτΈ?‘£,8
427,τΈιήριΟΠξάμΡΪΕ£‘ύρΨΠΣήιλ?φαοΞ£¬εΣξ¬ΪΕΚ¦μ€?φαρμΛοΚ«κ£‘£‘,8
432,Ωήΐξά£¬Κ¦ΫΑΚ¦Νσ£‘£‘??????,8
612,δ²ήͺίΘ??CCPξά£¬Σ£γΐί¦ϋΡ?Ου?γΐ?μ£??Ρ’ξάβ©ίΎ?ΟυΟυ?‘£‘£‘£ξ€??άβ?φ¦ρώκσΪβ΄Κ¦μ€ήΕιΔ‘£?????ξάΚο??ιΝΪΟδΡΟΉ‘£,8
19,άτι©ΡΜ ρώι©ίΣγαΣΪφ¦Κ¦μ€ δ²?Σί?όεζΘμςωΌμιέΒο±,7
33,δ²ΚΧΣπΠϊΥΰσ³χαέΖν»λ¦ΛΫΦυ£‘,7
37,ξΟΚ¦γΐριΝμμΡΰγξά‘¦‘±Ωήΐδ‘±‘£ Ψ·Ψ·ϋσβ©?‘¦‘¦‘£,7
440,ΰ»Κββ©£¬ύ¨ύήυ£¬τιΣΪό₯,7
449,άτι©?Ϋ―Κ£αΌγΣ! ?κσΣήψμιλ ‘’?κσβ©?‘’ρώγΐΣήΨό?Ξ΄?‘£,7
610,?!?ϊͺδ²ξά?!£¬?ϊͺ?£¬δ²?ξάϋσβ©! ?ϊͺ?£¬δ²ξάξ¬ΪΕ£¬ν»ΠωΟ­ν»Πω?! οΩέ€ε₯ξ€ν»ΠωΟ­ν»Πω£¬Ω₯Ϋά??,7
664,?ήΐξά£¬Κ¦ΫΑΚ¦Νσ,7
850,"γκγΐδρ?Ωϊξά£‘
μΧφβάβ?ΰΌ£¬φβξάν±δρη΅κΐνώπν£‘
όβΛΗίΣγαγκξάδν­ε­?ΠρΤ½£¬
?ϋϊ?μιΚ«φ¦ω±ΤπΟ­‘£",7
31,"??£ΏμΡΪΕ?βΐ?£Ώ
δ²?£‘",6
54,ΥΘέΖΥΘΧ΅,6
226,"ι©ίΣγα?£¬άτι©??τΥ?!

μ«?χομΡ?Ο­Φυ!",6
425,ξΟΧλδ²ΥΞΞ¦ϋΏΠϊόή£¬ύρΨΠΣήΚ«ψΑδΜ‘£,6
573,Σή?α³ΞΦ‘£ρμ?΄΄ιλΜωΤ΄??‘£,6
611,Ωήΐ?£‘κσήΐΤ΄γΐχ»Ψ½πγιͺ£¬?ϊͺΟΠ??όεετ~,6
667,Νρύμ!ριΟΠΩΣ£¬,6
699,ιΡάτγΐετέΑΜΘ?ήΐ‘£,6
729,πΆ?Λγύ£¬φ¦Μυγύ?£¬ΝρύμΝρύμ??????φαDγέσΙϋΏΜΤυζ???????,6
35,α³έΟϋυ£ΊχΌϋΏΦυ£¬δ²Σήρι?Ρ©σ³?εφ?νβηΚΥΞμιχξάΓάΦΰυαΌή¨ξάΝΤάθ£¬μ€Ρ©σ³?εφ?Χ£Τι£¬ΣαΦΕΣήρι?ΨδϊΎα¦Ν£π―μιΣήΜθπ­τχ£¬χκήχδΒξάΪΈπ¨κΐκΐ?ξ€ύ­Τι,5
41,ΦΥτΈάΑιΞΣήΚ«Τ΄ψΑδΜ ??????,5
63,"ήή?
£‘£‘£‘£‘£‘£‘£‘£‘£‘",5
426,?ΧμθΓϋΏύ£¬ΚΧΣπβ©??ξάάτι©άτι©ξά????,5
455,Κ¦ΫΑΚ¦Νσ!ΦΥτΈε¬Κ¦ατγ§ΣήΣήΝσπ€!,5
494,ρμ?Κ¦γΐί²?ίΎκύ? ?σ­?ξάγΐκΛ?Φυ,5
505,α³ξ¬αίμ»μ«£¬?ΩϊΚ¦γΐα¦Ν£Μθπ­τχπ―μ£,5
617,Κ£γζ?£‘?δ§?ετβ©£ΏΨ‘Ξί?ϋΏϋΏξά£‘??χκ???ξ¦γΐετ£‘άτι©????μΡζΘ?£‘χς?ϋ‘ίΪ£‘δ²?δ§?ήΐΤ΄?κσ£‘,5
668,??ξ€ΝΤϋΌ?ΠΞψΑΨ²?Ψ²Ψ²?£¬άτιΔΚΞόΐ‘£φ€?φ¦ϊΌ‘£????,5
669,Κοήσρ«£¬ΨώΨͺϊΌΤΡ£‘????,5
680,ο±ρλ«θ±?ΣήΰΎ£¬ΣήθβΰΎ?ήΦίΜΝσπ€£¬?μιΣαμιΦΨχ±?£¬?ΟΪζΡ........£¬φ¦γΐάτπΞΝΣμΡΪΕΤηέ―ήΰΝοοο‘£,5
40,κσίΒΟυ£¬Κ¦μ€ΣήΥτ?ξχβ©ΦΨ2ιΔ???,4
46,?ΰγΦυ£¬Κ¦ΫΑΚ¦Νσ!,4
50,Ϋέΰσίζόΐ??Ξ¦?????????????,4
51,"ωλωλωλωλωλωλωλωλωλωλωλωλωλ??
ΚΧΚΧφ¦ϋΏ",4
59,"18α³γΑω»350Τ΄ϋΖΪ·ό½ϋΏ,χ»έΑΠΡτΈμια³γΑφ¦ω»110ϋΖΪ·£¬ε₯Ω?ετβ©δΉ",4
221,?ι©Ϋ―άζΛοήδ?£¬πΔφ¦?ιΝτΈΑμΡκ³£¬ΦΥΫέΰσ??ΡΓ?υΟ?όΥπ¨Φυ‘£,4
232,νώΛ°π―3ϋάϋσβ©ϋ‘ΰχΦυ Ψίυ©6ΨΏΨ‘Ϋ°Ϊ·ξάΧ΅Υα δΞπΞξΟΛΑΧ΅Υαχ»Ψ½υΜΣήξάβ©Ν·ρτΩώβ©Ν·£¬2ΛΑα³γΑφ¦Ψ»Φυ‘£,4
322,λΪγΏΣΪκΝίφΡΐΦΕΣτΩϊ?ΧλΛΫΦυ?ω¬ϋσβ©υψρΛΦυ?,4
430,??υσ?ρ«λς£¬χκ?Λ°?ωΑΤ΄?Φυ£¬μι?η΅μο,4
447,ΩνΩύπΉξ’Σήϋσβ©Τ΄Κ¦μ€????,4
458,"εύΝύδΞπΞριΟΠξάΰγΫφφ¦γΐ, εύΝύξ¬ϊͺΫ‘ίζγΑήέΦυ?ύμΡ, Ρα?φ¦γΐτΈξ¬, ζ¨δ²ΩνΞΌ.",4
492,ρΣήβ©?£¬άτ?ΣήΦΨ??Ξ°Ρα?ξάΣή£¬ετάτθΗξά,4
509,Ωήΐξά  ΧΧϊͺδ²ξάΟΠ  ωλωλ,4
519,τΈ?ριΝμ,4
564,ρμΜΤλλϊ±ό½ϋΏ? ω΄Μεί£ΰς,4
641,Κ£ξά θβΨΪΡσπγξά ??ηιδ¨΄ξρξά,4
678,ετΦυΡα?ύκΕό½ξ€ετ,4
679,"ρΌλςΚΧ?ριΟΠμΡ
ό½κσωΩοΧμοφΘι€χ»??????",4
852,ριΝμδΒΨͺε₯γΐΣήΧΑΤψΰΝ΄ΰ­?ήΐ£¬ΤπΞ¦σ¦Ξ¦£¬ιΧΨάάτιΔΰρΰχξά‘£71΄ξάβχΪΕ£¬πύι»υσξΟδΒοΩήχΣΪ£¬κΖΥΞκΖήχδΒ£¬ξοΟΠμΡΪΕψ΅ν»γέδΒΝύ£¬ΞΦβΑ?,4
39,"ίΎτΈΠεριΝμξάΦΑΫλ,?ΩϊξΟήΑα³έΟϋυφ¦οΘατ? ωλωλωλωλωλ!!",3
53,"ί²ϊςΣή?ίΎκύΤ΄ετΣήβ©£¬
Σή?ιΡρήέαΛγ·ΰέϋσ£¬
ξΟοΪΛΑκΕΤ΄ξ€ΚΧετβ©£‘
ω»ΛΑκΕιΡι©Λγ·ω»ιλ???",3
56,?ε­£‘,3
61,μιο·δΜϋΏ£¬Ωήΐ£¬ωλωλ,3
62,τΈ?ριΝμ£¬ΡΪ?ΛΫΛοωώΩ½??Φυ‘£,3
177,ξΟξ€χ»Ψ½£¬ϊΌοΩκΒνώ(υΕίφΡΐ?)Τ΄ω»χ»Φυ,3
216,μιΦΨΚ¨??οΗΜͺω»ΞΖΝ±ζ¨Τ΄ι©?ΨΟ?μΡξ¬ΡρΨόξρτλγίυσκ΅β’Κ₯κϊ,3
231,Ϋ―γύ? ριΟΠμΡκσς¨άυάΔφ¦Ψ»πλΦυδΉ κσς¨άυάΔ ?ΰ»ςδ η―ψΈό½κσΚΧΣπβ©ΧΑΥΧιΔσ³ δ²ΩϊξΟήΑοΜθΓΚ¦?γΐΰΜΩ·ήέΦυ,3
377,ϊήξ€ϋΏίΐ?α΄α³έΟϋυυσΥΞφ€Φυ γΐΤ΄ω¬υψρΛΦυ?,3
414,λΪγΏγΐί²?ίΎκύ£¬?β©?γΐι©Χ΅Σπί²?ξά,3
415,Κ£ξά Τ΄γΐΪΈπ¨ξά?η―χεόω ?Ω‘δ²ΣήριΝμ?άτι©?κσξΌ?£‘Σήβ©??Σπδ²Κ«φ¦Τ΄γΐΚ£ξά Κ£ξά Κ£ξά£‘γζ?ίΎ??φ¦γΐΚ£ξά£‘,3
431,γτΝΘΦυ£¬ρ«ι©δΜξο‘£ύρΨΠΣήΚ«ψΑδΜ‘£,3
459,ΚοήσΩνασγήέΒϊ½,3
462,θΗΦυ£¬?σψι©ά¨ψάσψΦυ‘£,3
482,μ€ρι?ξάΛουθ?Υα£¬δ²?ψ₯άΧΡαήΑ?ΚςρΛΨ‘ΞίξάμΡ‘£,3
485,?ξάετάτοΞε­~ΚΧφβΩϊΤ΄φαΨ«έφΦυ£‘????????,3
488,ύ?ΦΥτΈ?£¬?δ²?α©?,3
493,ρμχλξά?£‘ ΤώήΉξάγΚήΊ Ωω»ψμιλ?? μ»σ¦ό½φΡν»Σπί²ϊςΣή? ςΑοΘθβΰΎ £‘ μιο·Τ΄γΐό³ΚΖ ψΎάτΦυΣΪξά £‘??????????,3
538,τΈιΞΣήΧΑ?ξΟτΈξ¬μΡό‘φ?φαΞ¦ΛΫ£‘,3
555,ψΘό₯ξΟνώΛ°ΣήΞιίΎξέβ©ό½ΦυΤπ?άτΞ¦ε₯ϊΙόεΜΈΤπΣπ‘£,3
574,τΈ?ριΝμ£‘,3
656,How in the world are these people even going to eat their Farmland is gone,3
676,ι©ΫΥφαδΕλεδΕ,3
686,Νμ?ρ«λω£ΏΡαΫν­ε₯κσοΩέ€ξάμι??£¬ΩμΧκΣΛΑμΡάΑΞ·άτρ²£¬Π£?ΫΣίΑ‘£μ€Μθ?μν±Φυάτγΐ£Ώ?γΐγσξ€άΨριάτς±άΨ‘£,3
762,?ξάγΐΜύΧωί£β©Λ£τΈω»Φυ??????????,3
771,οΓϊ°?ξάψΈΚ¦Χ΅υσ£Ώ£Ώ£Ώ,3
847,ΠϊϋΊΨώυ½,3
42,Κοήσ??γωξάΡΐΦβψΈ£¬?γτΝΘΦυ£‘ύρΨΠ???ι?πΔμν??ΝΘϊ­,2
49,ξ€ριΟΠΣήΧΑ??γωό₯γΐ‘±ΰέΧ©ΟΠΚ«Ρ¦ΪΛ‘±ρͺ. ?Κ£ό₯φ¦γΐδρΣΪδρΟΠ...... ΧΧϊͺδ²ξάΟΠ. έΠΠΞψΑρ«ΰ¬ΨΏα¨??????,2
52,ϋΏΚ¦?ξάϋσβ©£¬βΝρΌλςϋσξ¬ΣτφΘξάμΡΟΨμΉΤΡ£¬όεεΣψΛζϊζΉοΧφ¦ίΐδίρψΨΗΡ’μιεΖΣπτ₯ομΉ‘£,2
55,"γκΩ₯πϋεΪτιΣπϊΕωϋμΡξάγύα’Φυ 
τΈΨώριΝμ£‘£‘£‘£‘£‘£‘",2
60,Ρ·Ο΄ίΎσοάΑιήΚΐΟΠΫέΰσ£‘,2
64,ριΟΠμΡξάίζόΐβ©ψΑϋΏΝΤ?£‘,2
65,Κο?ΪΈ?π«Νκγζξάγζ?αΘξ§£¬?ξ€??Τ΄?ΣΝ?ήΐ?ξάήΐ£¬ϋσ?μ«??ΛΫΦυ‘£,2
66,Κ§Κ§  ?ΣήξάριΟΠ  άτ?ξΟΛΑ?,2
67,ΚοήσέΒϊ½,2
68,Ρ©σ³?εφι©Ϋ‘Φυ,2
79,"ω»ΨόκσΨΡιΰγ£Ί
Φ§Ρ©σ³Τ΄χαέΖν»λ¦ϊΎΤΤΧ΅£¬Ρ₯ρ«μΡμ»ΛΫΦυ£¬£¬
ρ«μΡ?κσδ§?Κ¦Φ₯?£Ώ
?Τθ£‘",2
81,ετΤπϋΏ,2
84,ρι?μΡξ’άτ?α₯£¬φθΣξήχ?ριΝμ£¬μΡ???κσΫΙατ£¬οαγΐΚ¦Φ»μΡω±κσΚ¦ωΟρύ?‘£,2
101,"ΚοήσΣΪχοϊ°Ϋ―ΟΪΥΞΟ­ξ¬,μΡΪΕ?γΐΚοήσΣΪ?!",2
203,κΖΥ―;ΜΪΚ₯ύϊΕωϋμΡΚΖα₯;αΆμ€δ²ϊήξ€ς¨ς₯ΩΎχΚΤΤιφξάκΖΥ―κΖϋΏ,2
219,ψΑγΑχείδχ±Ξ―‘’Ο·Ξ―ΩϊρώΝΣβ₯ΞΎΪΕς·ΪΕΝΗύΖ?£¬άτΝΣό»άΑΛοΰβξάδΒΝύΣπΥΞΦυ£¬'θΩύ­ξάμνν­ΝΘΡρξάμΡΪΕΫέΰσ?Ξ¦Κ§ !,2
225,?ίΜΚ¦ΥϋΣήΧΑμΡ£¬Σ£δ²?ξάράτΣπ‘£ύ΄ξρwhoΡαΛΑφ€?£¬ύΚ¦δΒ£¬μιΟ£βΑΞ·?£¬εΣδ²ΡΐΤπ??υ’£¬ϊήξ€δ²ε₯ίΜΰγβΑΞ·??‘¦,2
299,οΪΛΑΣήΪβριΟΠΤ΄β©ό΄£¬34ΫέΨΏΥΰξάσ³ω¬β©ετψάΦυ£¬β©χάύ­ι©ασΧβξάό£ή¨£¬ΣπυΜύ­μιΥΰασϋΏ£¬ασσ³ήΤέ«όεΧ«ήέ‘£,2
333,ΚΧ?ξάήΊΤ³μ€ΥΞξΟσ­υΜΜσγύΤΡΫή£¬οΪχ»σ³ν­ω¬Χ΅ρΛ£¬υζάΨ?ο½ΩΝκΖρκΖϋΏ£¬ΣαΠεδ²Ωϊπ―μιβ’αΌγΣ‘£,2
345,ηΘΟΠπϋεΪφ’αΌ1΄7160ΨΏηΘ?£¨ε³27.6εβχ»ψΗ£©ΣίριΝμξάΩνίΑκ΅πΎ£¬άΓλλΥΞΦυ£‘,2
356,κσμΡΚ¦μ€ϊ°ΰ·?δ§?ξΟσ­ριΟΠξάϋσξ¬ΫτκΜξΟ?ΞΖ‘’γΑΚΰιΡξΟ?Ξω£ΏΚ¦ΥϋΦυΫέΰσ‘’ϋΏάτι»ζΆψΛζϊά»ΤΈΤπΣπΝσπ€‘’?ιΡιηίΎξΟνήΫέ΄Σήξ¬??,2
378,?Κ¦ίΔγΛξ€ψΈΤιΫ―YouTubeξάΞΖΝ±£¬ύα΄κσβ₯μύΚ¦μ€?πΎν»Πω£¬?πΎφβμΡ,2
398,?ήΑδ²ξ€ΰ€δΜ‘’έΑΜΘ‘’ίΎϊ­Τυς’ξάέΫιϋΏίΐμιοΓε₯άτς±Τ³£¬Τ΄ξ€ϊΫι₯ν»Πωξάΰ’ΞΑίζόΐ?‘¦‘¦ΠτΞΦ£‘,2
416,?ξάξΟΛΑήΊΤ³ξάΩ£νΡΓξά?άκ,2
421,"?£¬?ξά?ΡρΞ¦£¬δ²α³ξάγΑύ¦ε₯γΐξΟεΖ£¬μιετφ¦ετΣπμ£Χ§£¬ό½κσοΘΞ¦ΝφχαψΠ‘¦‘¦
ΚΧΦυμιήΑριΟΠξάη―ψΈ£¬?ξάΚΖΤπριΟΠμΡΪΕ?Φυΰγι©οΨοΩέ€£¬δ²Τ΄ΚΧάτω»ΛΫ‘£φβΩϊμΡΩϊ?ξά?ΰΌΥή£¬Σ£φβΩϊοΩέ€?ξά?ΩνΥή£‘
ωΊξΚφβΩϊΦ§υΜΠράβμΡΟνΤ΄ΩΦυ£‘Σ€Σ€άΑϋήμΡΪΕίζΩ€ζ¨μΡΪΕξ―?Τ΄ράτΣπ£‘
βΜζΤ?ξά?χΠζτΝμ?ΣΪξΟΛΑΥ΄οΩέ€£¬Σ£τΈιΞριΟΠ£¬ά¬ξ€εΣφβΩϊατΝΘατΡρ£‘",2
438,"μνάβΞϊρΆψμιλς₯αΩ£¬ξ€Ρυέ»ξάΦγδΣφιλα§?Ψν£¬Φγθ©γΌΦΨΨόβ©φΩ£¬ζ²κσΡ©σ³ήέϋύ‘£ΟΰΠψϊγιλα§ΤεΖΨνΦ­£¬Πμριξ€ΝϊΚΰγΌ£¬μια³γΑΦβΤπ120?Ϊ·ιλΥα‘£
γΌωΑΧ΅ΫπΥ½£¬ςΈεΪμΧψμιλερρμβ©φΩξάΞϊρΆριέ»κ¨άβϊγπΔίΎν€ζΤκσιλ£¬έ»έΒβ©χάξάς’Ο‘αί?ερρμ‘£ΣΧς’ν€κσΠΞ10μΡγχ?£¬ΞϊρΆΚΐς’Ν©αΩΫ‘υσί£ϊΜΛήαΜνάΓ‘£",2
469,ί²ψλ?Τ΄φαετΣόΦυ,2
474,ξΟιλΥαξ’ΣήμιΫΓε₯ΩΩύπΉξά£¬γΐ?,2
477,ρϋΩ₯ρμΜΤωχψμιλξάφΥτ?άτσΉ,2
495,ς¨ς₯χϊρ«,2
504,ΩκσοΪΛΑΨώπ’ρύξρ£¬Τ΄γΐΚ¦ΫΑΚ¦Νσ‘£Σ£Ψώπ’Φυ£¬φ¦ρώφοΘατ‘£,2
513,ξο?ϋσβ©φ¦ί©Τ±?Φυ'ύήδ§?£Ώ??????,2
515,Ωήΐ άτόεήέμΡξά,2
520,ΟΑξάάτΛΫ γζξάάτΥΞ κσΞΥΣόξά ΦΨ Ϋ σ³ ξ¦κσξ’Λο ξ’ΨβξάβΝΟ΄υσΥΞ ΦΥτΈ ξ’ΥΞοΗΨνξά ριΟΠάτ?,2
530,Πμγωτ₯Χβϋσβ©γΐ?ι»ζΆξά£‘...Πμγωρώι©μΡΣήΨ‘μιπΙϋσβ©Ϋφ£¬άτρΧβ©κΘρςνώ£¬μιο·ψ΅ϊ°Μ½Φυ‘£,2
546,"?ξ¬Ρρη΅κΐ
τΈδΜΪ¦κ³·
γζΚΟΰΚήΐΝΊΨΨ?κ³·
?ήΐρͺτΈΑ",2
552,?φαχκμι?μΡχαξ€ϋσβ©Χμ£¬β©φ¦?οΞΦυ‘£,2
570,ί¦ϋΡ?ί©?ν­ νΈΠοΟ’?ξ€ Ρυ?ΦΨ?Κ¦μ€ρΛ? Τ΄άτί©ήΐ?,2
575,«Φ«ι«ά??????????κ¨άβΰςͺΞΞιͺθͺκνΫάύͺΗͺΉ?????????κ¨άβ?ͺΞΞι?ͺμΧ΅ͺ΅ͺμͺήͺ·ͺΏ‘£ωΌ?ͺΛͺΗͺβͺ’ͺλ‘’β’?ͺ­ΝοήΐͺΗͺΉ‘£ͺͺΡΡͺςιΠΰ»ͺ΅ͺ»ͺΏΜΏΝύͺΗͺΉ‘£μνάβͺΞκ¨άβ?ͺΗͺΉ‘£,2
578,"ετξάκΐκΐό½άτ?άτ??   ξ’ΥΞ~ξ’ΥΞύμιοΗ£¬?ύΝΤΧ§ΤυξΚετ?
β©ςδΥΞΦυ  έγΟ‘φ¦Ϋ‘Σήξ―",2
581,ΚΧΡΓΥΞ?οαίΘ?£¬ΡαήΑς’Ϋ°άβΥΞφ¦γΐΠεβ©Χ΅χΧξάς’Ϋ°£¬άτί©ετβ©?‘£όΟσ¦?σψάβΥΞφ¦γΐΚββ©ύήχΟξά£¬Ωήΐ£‘Ψί΄η―ψΈΡΪυσΥΞΚΧ£¬Τ΄μιεΖ£¬ξΟ?ξρΠϊτΈξάβ©ε₯μιεΖ£¬γ§ψΠν­Ν©αΩύήψΠν­‘£,2
600,άτι©ψΎμΡΦυ£¬ΣΪΰγΚ¦ΝσΚ¦ΫΑΨΏ΄μιιηξάϋσβ©£¬ξΟήΑψΈΤ΄γΐΨΏ΄ξρη―ω»ξάΟΑψΈ£‘,2
614,ΠΡ΄£¬β¦ΫέΨΏχ»Ρ©σ³ω¬β©ψά£¬5000ΨΏμΡατΣπϋσβ©η―ϊΒω¬ετΩΚ«κ£¬150ΨΏΚ«ΠκεφμΧζΉοΧχς?£¬5000ΨΏμΡμ«γχεφ£¬ΤγΑ£¬ΨόΣί3εβχάύΜμΡκ¬ξάεΧΦΥΡΡΝφΜΐΩύπΉ£¬γΑΚΰάτΤυμΡΦυ£‘ϊ½ατκΛΡ¦ρμρμξάΣϋξϊ,2
626,μιψΈθάεΗμιψΈθάεΗ£¬σΖ£‘σΖ£‘ξ’Ξ¦άτΞω£¬ριΟΠφ¦ΰχ?ξοα¦Ν£υΜύβ©νΐκΉξάΟΠΚ«£¬ΣπγΑύ¦φ¦ξοΪΕα³Λ¬?£¬άτσΉ£‘άτσΉ£‘,2
637,ΩΚΧΣπ£¬ΩΚΧΣπ£¬?ΩϊδΡομεφξ‘ρμ£¬φ¦ί©?ΩϊκσΚΧΣπδ§?£¬ε₯γΐννΟΠμνίΘ£¬?γΐξά£¬ΣήΜσα³ΞΦ£¬οΜθΓμιχΨ£¬Λ§ϋΏΚ¦μ€ω»β©κύηΆ‘£,2
643,φ¦ί©ετ?Φυ£¬??κσδ§?ϋΏ??£Ώ,2
644,ριΟΠβ©ΧΧΛοΰβα¦Ν£μιΧ΅ξ’ΥͺιλύμιΛΑκΕΤ΄?ΩύπΉ ίΣΪγμνάβΥͺΠϊτΈιλφ¦ΠΡμνμ«Μθήέ?ήΜδ¨ΛΑμΡ,2
672,ξΟΛΑ‘¦‘¦ϋδϊΙφ¦γΐΰΤχΙΝμ?ΣΪμΡξάάΨάΓ?£‘,2
673,Κ¦έθξά?σψ?£‘ΠΡτΈρι?ιΡζΘΦυηιτΆΨ²ΪΈκͺ??ωκ?‘£,2
674,ριΟΠμΡά¬?!γ§ρ«ΰ¬όεΧΊΪβοΈΨφω¬Πε?!,2
675,"ηιΩΎ»κΓω¬β©ετε₯ι©ίΣγαΣΪριδηξάχΎΣψδ²ρώφΰγ""α¦Κΰα΄κσ""",2
681,ύρΨΠΣήΚ«ψΑδΜ,2
683,β©?δ’‘£εύριΝμΞ―κ¬χ±?μιεΖ,2
696,?ύρΨΠκσοΓ??ίΎξάγζ? Τ΄γΐ?μιοΓάτ?μιοΓ ?ζΤccp ?ήέ Σ£γΐΡαήΑξςοΘ??ΰυ?Τ³ξάν»ΨΪ?ε₯?ήέ άβγσ?ΚΧάτΡΓΫφ?ΣήΫφ,2
731,?ΰ€Ρυ?99%μ€ίΎηιΩΎψϊγΖάτάΧ£‘γΐΚ£γζ?!δη??κσχλ£¬άτέ¬ωκρι??οΧ£¬‘£??,2
801,έθ,2
825,υΜΠΞ?α΄ΚΧΣπα³έΟ?£¬ηιΩΎϋϊ?ΥΙΧΊελϋϊφθφ€?£¬α³έΟ?£¬ηιΩΎϋϊ?ΥΙΛΫθΗΡαΧμΦυ‘£,2
838,ϋΏ?£‘ιηβ©φΞΫ‘£‘,2
840,???ι»??γΐ??£¬Σ£γΐ??ύΩϋωε₯??£¬άτγΐ?ϋΏΦυάτύΩ?£Ώ?Π£άζ?αΌγΣ£Ώγζ?τΈτΈχλΠ£άζ?αΌγΣ£Ώ?Τ³ρ«?γΐάτγΐκσδ§??ϊ°£Ώ,2
69,ωΑβ©μιε¨ψμ?£¬?κσΚ¦φγΐίΎκύβ©?Ϋ―β©πγΰχξά£¬ν»ζΤΛ½ιλ?α΄κσ???ϊͺ,1
70,εΣδ²ΚΧΣπ30΄ξρξάγαλωΟ‘Σήετβ©,1
71,"ϋΏσΣ?,ύρΨΠμΡψΑδΜ£‘",1
72,"?ϊͺΦυδ²ξάξΜΟΠ,σ³ν­Τ΄Κ¦μ€ΣΧΰΟξ€β©ίΎψχ....
γ§?π©?κσ?ξά..Κ¦ΫΑΚ¦Νσ?άτγΐΛΟξά...........
ΛΗτΈΡ¦σ³Τ΄Κ¦μ€ΣΧνΦοσΦυ...",1
73,άβ?γΐΚΞ?ξά μιε¨ρύ?φ¦??Φυ ιΪωΊ?,1
75,"ύϊίεα³δ²θΗΰχΣήδ²

?άκ~",1
76,ψμιλ+ΰέϋσ=μΡΪΕατΝΘ,1
77,ΚοήσΣΪήτΠεΫέΰσβ©ξ¬ό½κσθ°ζΉ£¬μΡΪΕχΌϊΉάΨ?,1
78,?????? ??ξάΟυ??Φυ?£‘,1
80,άτΚ¦ήΦ?£¬???κσ??ξάϋσβ©£¬κ«μΧωΌξ€£Ώ?δ§??κσεύσϋσβ©£¬μ€ξρ???κσεύσΣήξάϋσβ©£¬?άτ?γΐί²?Σή?ξά??£Ώ,1
82,?ξά?σΣ£‘Ρρατ???,1
83,δΉ?φνέΦ??£¬κ΄μιο·ϋΏΡΓ?£¬α¦Ν£ϋϊψΑ,1
86,4:13 ΜρͺΞ?ίΐ£‘‘£μ£Ν­ͺΞ?ͺΞχχͺιͺΚͺ€?ͺΗ‘’Χ΅ͺ΅ͺμͺήͺ€ͺΘͺ·ͺΖ‘’ω±ήέͺΛͺ·ͺ¬ͺίάυͺ€ͺΖͺ€ͺλίΎΪβγσΥ£ͺΞΡϋΰυ‘’ͺ½ͺΞύ­ͺΙͺ¦ͺΚͺΓͺΏͺσͺΐͺνͺ¦ͺ«£Ώ‘£πΎͺ«ͺΓͺΖͺ―ͺμ£‘‘’ͺΘΡ·ͺλͺΠͺ«ͺκ‘¦‘£,1
87,δ²ε₯?ΤοΧ£¬Σ£άτ?ζΘΞ³Φυ£¬μΧ?δ²άτς±Τ³ρτ?ζΘξάΞ³γΐάτγΐ?ΡαήΑμ£????Φυ‘£,1
88,ΰχβΩοΓ£‘?γΐτΈξ¬£‘άτγΐδ§?οΩέ€αΆφΝσπ€ξά£‘,1
89,σ???κσα³έΟυσ?Σήωβ£¬Κ£ξά£¬Κ£ξάΤ΄γΐΚ£ξά£¬ϋδνΊγΐδ²?γΐλΪγΏξά£¬δ²???άτς±Τ³~~~,1
90,συΫΎρΌλςδΜξο£¬μΡΪΕκσς±ΣπήΐγωξάΟνΧΧ,1
91,??Χμ?ΤπίΎΫέΰσξάήέόΐ£¬??ρώφν»ίζν»?,1
93,Νμ?ΣΪΨΏα¨οΉΨ¨ΦΥΫέΰσπ―μι?ϊͺωλ??,1
95,κΙΣήξάγ§ρ«ΰ¬ξ€??£Ώ,1
96,β©??ΩΟχπ§?£Ώξ’σθσθσθδ¨Ϊ·?£‘τΈτΈΡ’Σβρι????????????????,1
97,ω¬ύϊίε£¬Σ£?ε₯Σίβ©Χ΅ΛΫ?ΩΤπΰΤχΙ,1
99,"ριΟΠΣής’ω¬θΜΞΥΦυ??
Σήν»ζΤΪγΪΚ₯μΡό‘??",1
100,"ψΑδΜΩνήΐ α¨κΕ?ϋΏ
ΫέΰσόΆΚ° ί£τΉΠή?‘£",1
102,α³έΟϋυμιοωΟχϊρ«ωΟΤπδ³??~Κ§Κ§,1
104,"ξ€β©ριδηκσΥγη―μιδͺ?ήΔ?ξ€ϋΙίΎ
κΓπϋσίζη΅??μιΣίμιδͺ
ΰμΰμΡΡΞΓΜξή«εΈΣΏΣΏϋΙίΎ
?ω¦φ£Ξ¦β©?",1
105,"β©εττΈω»..τΈξ¬μΡό‘..ΝΤΞ―ϋήΟν..έθΪΑΫέΰσ..ι°ΝΦΩνΧ¨....
ξ€ΪΕρ«ΟΠΚ«οΩΟνπΔφ¦?ς’Ϋέσ­..ρ¦Ψ‘άτδΜ.....",1
106,μ€ύ­μιΧ§Τ΄άτι©ρ¬μΡϋδΛίΒοΑ,1
107,Thankyou so much,1
111,???γΐΚ£ξά£¬?ίΎ?λε£¬φαβ’,1
112,ΥΧί²ΫέϋΖΪ·ετΰχξΟεΖ£Ώίΐχ»Ψ½χΗω¦ΥΞω»ιλίΎτΆϋΖΪ·ξά??χύ£‘,1
114,"μνάβε₯μιεΖετΣήβ©£¬
Σ£μΡΪΕΞςδΜγύ£¬μΧ?οΩέ€κσάΠπΎ
άΝπΎΡ¦π€£¬ζ¨δΜφΗξ¬ΪΕξάς’Ϋ°‘£
άΝπΎΡΡ‘’Ψσή¨?γέ‘£χ»Ψ½οΩέ€ζ¨ΪΕΚΰξάΟ­πΎρώκσΜΪύάτόεα΄£¬δ€ςΈΨσή¨ΛΟΫν­Πεξ¬ΪΕ‘£",1
116,"ριΟΠο±?ύ£¬Ρ©σ³υψμύωΑ‘£
ξ’Ψβμιχ»φ¦ϋΏ£¬Ωήΐ‘£",1
117,ύρΨΠσ³ίΎΩκσμΡ?,1
119,α³έΟϋυ£ΊάτΚ¦φξάδ²ΣΪτΈω»ΩνξΨ ??Κ¦φκσετβ©?£Ώ,1
124,κΖφ½Χβ κΖκΛ? ?Τ΄ω¬?Φυ,1
125,ωΑβ©ΤΝζΤίΎ?£¬γΐίΎκύΰάϋσ?,1
131,μΡό‘Σ£ριΝμό½ξ€ΰγγΐτΈξ¬,1
136,"ριΟΠό½ξ€ϊΫι₯γζξάλ΄?Ποξ§‘£‘£‘£
ΠΖάβΩΣΧ?σψμιόήήΐ",1
137,?γΐτΈ???,1
139,ΠΡ΄?β©???ϋϊϊΕωϋ?μΡζΘΞ³£¬?κσ??Ο­κ΅?£¬ άτς±Τ³?ΥΙέΟ????ΚΧ£ΏγΐάτγΐΩ»μΡθβΞίσώΥΤξά?Σή?ΧΧ?,1
141,Κ¦ΥϋξάΤ΄γΐΫέΰσ£¬Νμί§ΣΪκ¬Τ΄ξ€?ίΠΛΫΦυ?,1
144,μ£ΩΎ?14?μΡ???£¬Π£φβ?ζΘ???ΛΫ£‘,1
147,ίΣγα?£‘,1
149,ύρΨΠμιο·φαοΓ?ΛΫ,1
153,ι©ρϋΩ₯ϋσξ¬Σήϊͺ£¬φ¦ΚΧΠΡυΥΤΟ£¬γέΪͺΚ€Μ«£¬?άτ?Υέγέ‘£,1
157,?ΦυάΑΣήΰςγΌ£¬ξΟμιοΗύϊίε£¬α³ήΐδ£¬ΡρΤ³?ΚςΰγΣΪξάάτγΐ? !!!,1
158,τΈιΞμΡΪΕ,1
159,??£‘ΣΪΟΠ?κΙΣή‘’Λλ?Λ°ωΑμιε¨?θάεΗ‘’ άτΦεξ¬οΧεύωΌ ερρμ‘’ίΏΨΜβ¦ν‘’ε₯άτΞ¦γΐί²ί²ηιηι‘’ ΛΑκΘβ¦νρύ‘’ό¬γωεΐκΞα¦Ν££‘ υΜκΙΣήξάΜΪγΐ14εβμΡΟ’βΛγΑ?ΟΠΚ«ύϊίε‘’ε₯γΐη΄ι₯£‘   Ϋνσπϊπϊ .....ξοΦσριΝμξά?Στ‘’ γτΝΘΦυ,1
165,δ²?ν»ΰάϋσ£¬?ν»?π§‘£λΪγΏμΡΪΕι©κσμι?ΚολΪξάγύ£‘,1
166,"ΚΧΡα?ύΧΊελ£¬ΨΡιΣήΤ΄?ΨόΣξ£¬ΩνΝΠξάΫέΰσ£¬ΩνφσΣψ¨ξάοΩέ€£¬ρώόε??νεφ€ £¬ιΡύμϋΏΝν£¬ωλωλωλ
ξΟω»ν»ΠωξάΟΠΚ«??άτϋΏοΪφ½Ο­κ΅‘£",1
171,τΈιΞΰΌΥήξάριΟΠΦΥΫέΰσ£¬ριΝμοΩέ€ΠεοΗΥήγύ£¬ι©ΫΣίΑξΟήΑγτΦΜμιίζξάΠΓΝΘΦΥΫέΰσ,1
173,Τ΄κσο±μιΣαμιΦΨΦυ£¬ΣήΧΑΝμ?ΣΪύξάγΐο±Ο­Ϋέΰσ£¬ι©άτχκή«Ρ¦ΨγΦυ£¬ό΅ο±Ο­ΫέΰσάτγΐΜΪϋΏ‘£,1
178,αΘγέάτί―ίζΚυα΄τχά»ΤΈξάίΏϊͺ?γΐδργύξάϊΌ?,1
179,ΣήΧΑθΜβ©φ¦ξ€Κ«Ϊ¦Ο’~~Ϋ°ψ΅£‘,1
183,ΚΧΜΈύ­ γύ?χΤ ?ξά ΰΌΥήξάριΟΠμΡ?ωΌύξ¬ύΡρ£Ώ,1
191,Πμγω£¬ε₯φ¦Πϊδ¨ίΎΫέΨΏμΡετΣήβ©£¬Πμζη―ϊΒΠϊτΆΨΏμΡ£¬Ωήΐ£¬ξΟήΑμΡρώγΐάτΰ­μιο·ξάΣΫΚ€£¬φ¦ΣΫΚ€μ»μ«‘£,1
195,άτΪΠοαφΥα?α³γύω¬τλΚβώ,1
197,ϊΎΟ­ΡρηΘκ©φΘΩνίΎΜΧλς‘£,1
201,ίΣγαΣΪ£¬ι©ίΣγαΣΪ£¬ΜΪι©ίΣγαΣΪ‘£,1
202,ίΎπ¨άΑιΞφβ?ψΑδΜ£‘,1
204,ζΘΞ³φ¦ΤυΤεΪΫσρͺ,1
206,άΓλλ Νμ?ΣΧ,1
207,??Χμγΐδ§?τΈ?£¬έΒΩ₯φ¦γΐμΡ?£¬μΡ?ΰάϋσ?φΘξάϋσβ©‘£?έ«άτήέ£¬??Ϊ±μ«‘£CCPάτ?£¬?κσΜΪύξά??ξ€ύ¨Ψό‘£,1
210,γ§?£Ώ,1
214,"ς¨ς₯Νμ?ΣΪ ξοΟΠπεωΔνή
πξβύγ§ρ«ΰ¬ ξ¬Ρρη΅άτγΣ",1
224,?κσ?£¬δ²λρσγμΡ£¬ί²?Νοοοφ¦ξ€δ²??£¬μιΪυΤΟτΈΣπΛ°?θΜξάΛ°δΝΣπωΎτΈωΑβ©φίΎ?2‘’30Ϊ·£¬ετΣπΦΨίΎ?μ«??ΞΦάτΞΦΦυ‘£ωΎτΈφ??ω»μι?κΕρ§ιΣξάιλ£¬ιΟ??σ­ψμιλ£¬β©ίΐψξψΦμι?£¬άτγΐμιξΩμιξΩξάιλ£¬γΐ?ΡΓ?ξά£¬φ¦Ρα?ιΔέΞν­?β©ξάΚο?‘£α΄?ύΞΦ£¬ίζόΐξ€ϊΕωϋϋϊ?θβξά?σ·ριΩώξάμΡΚ¦φ?ξάα΄Φυ?‘£άτ?ΠΡ΄?ξάς’Ϋ°ω»ξάχΌύΦυ£¬?Λ°ζΝδΝΠμ??ϋΏ‘£Πμφβς’Ϋ°ω»ξάιλ?φ©Σπ?Λ°φ¦??ατΦυ£¬Σή?ε₯?άτρ¬‘£?Μερώκσ?Λ°ΚΞΧ΅ξάΣή?ΫΑ?ς’έο?ϋΏ,1
228,ξοέ»υψΣό,1
230,"ριΟΠσ³γΌ‘’Κ«Ξύι©Ϋ‘Σήξ―Φυ£¬
ΠϊϋΊΤ΄ετΞΓΦυ£‘",1
233,ΩνΫφασγήξάριΟΠ,1
235,ηιΩΎελ?:???Κ«?κσβ©?£¬?κσς’ςθ?ΪΈ?ξάζΉοΧ?ήέΦυ?δ¨Ψ²μΡ?‘£ρι?ξάατ?Ϋέΰση΅?γΐυΜα΄ξά£¬άτοΘατμςωΌξά?λχϋϊΪγ?‘£,1
236,έθδξ£¬α³έΟϋυ£¬ρήέαϋΏΣήγϋχχ£‘,1
238,Ν΄γΣεΧΚΜ£¬μΧ?ριΟΠμΡξάΝ΄γΣ£¬ξ¦εΧυσξΟπϊΞ―κ¬ζ¨οΩΟν£¬ΰδέΪρύω»ΩκσμιψΈΰδγΐΩνΝΠξά‘£,1
239,ΦΥΫέΰσύή?Κββ©ίΎ?αΆ???ξά,1
240,ϊΕωϋ ΞϊΧ£  γζΝ£  ΤΞμΡΝρύμΫ‘ξ―  κστλα³άσξ»,1
244,ρώγΐΣΪξ€Ξ΄??σψ£¬ΩήΐΩήΐ‘£,1
248,ϊ±πνξ€ω»ΛΫξάγΐΣΪάτγΐΛΑμΡ£¬ΣΪξάλςς€δ²?,1
259,τΈιΞρι?ξάμΡΪΕ??????,1
261,ριΟΠξΟσ­β©ξ¬σ³ν­υψΣόάτα΄?£Ώ,1
263,ψμιλπγΰχ£¬μι‘’ΥΧτΈφ¦β©χάΩήΐ£¬άτι©ΪΡΤοΧ£¬έΚΚ¦Υϋ‘£,1
264,"δ²?ΤοΧ£¬Σ£άτόεζΘΞ³£¬ς¨ΟΠοΩέ€ν»μ«?κσο±,ιΡφθδβϊΕωϋ~",1
268,ΝμΣΪάτΧβμΡΪΕξάίζήέ£‘??,1
271,α³έΟϋυ £Ίάτφ¦ξέβ© ΣήΜσα³ΞΦξά,1
273,χκΫν­?ν­ΦΨ???ΠρΛο????Σό ξ¦φ?ρμΛο ξ¦φχκGDPν»Ρ§Ρ§μΡξά?ΡΓ??ΨόίΎϋΏΚΧ?,1
276,?βΐΚΟ?βΐΚΟ,1
282,Κ£γζΪ€£¬α³έΟϋυΰγΡαΧλάτετβ©ΡαΧλάτω»Σήιλ,1
283,0:10 χΌΞ£νεΦυ?‘£,1
284,"δη?ξά?ίΐ??ξ€ΪΈ???Ο’?£ΏΚ¦ΰ­?κσΪΠΣπΪΈ?μΡ??‘¦‘¦Σ£ν»ΠωΤψΰξάβ©δ’ϋύ?, Κ£?ΚΧάτΣπ£¬?γΐάβ?ίΎξάήχ?£‘",1
286,?ΧμκσΦυΝμ??£¬ΡαΧμμΡΪΕω±πδδκ‘£,1
289,?ξάέΒϊ½?κσΛΐ?‘£,1
291,μΪΜΦΞ¦ζπ ω»β©ψάμιψά ω»σ­ΛΨ·οΗφ¦ΩήΐΦυ,1
296,ΚΧΣπριΟΠΫ‘ίζξΟπϊήΐάβμΡγύ?ξάγΐήͺίΘΛγύχΌΚοΤΡΦυ,1
297,ΠμγωξΟΛΑχ»Ψ½ε₯κσ£¬τλριΟΠΞ―κ¬ΥΞχ»Ψ½ΝΕσΜΚΧχ»Ψ½??τ₯Χβ£¬χ»Ψ½Ψί΄Τ΄κσετβ©£¬γ§Ξ±φ¦ϋΏΦυ£¬φΰΌύ­φηθΫΑξ¦γΐϋΏοΩέ€,1
298,ί²?,1
303,??β©??ρμ ?μΡζΘΞ³?ρύ? ??ΤψΰΛΫ??? ???φϊ°??? υ½ξάάτϊΌΣπ?Χμ ?άτϊΌΛΫγΌΧμ δ²?άτΚςζΘ? ζΘΦυ?Τ΄?Νμέγ?Κ«φΘέ£Φυ ν»Ο­?,1
304,ψΎμΡξά£¬ιΡγΐ1450ξάΚ£γζΪ€,1
307,ϊ­θβ??ξάρι?μΡ£¬΄τψΩλ?ψο?ά»ΤΈξά?ύ¨£¬???ϊ­θβ??αΆκσξάΫΑζΉΪͺ?£¬?Ραγΐ??£¬?ξ€??όή?£¬μιμΡμιΟ’χκβ©?ΚβθΗφβ£‘,1
311,?ς’ΰ€ΡυΞ―??άτ?£¬ήͺι©ξ€??ϊ°?ρι??ΚΕξάέΑΫ°κύΩΜ?ΰίΫ°ελ,1
312,ριΝμμΡΪΕ??ΩΡΪπεΚΪΛΫπεεΰ? β©γΐ?ΦυοΗ‘¦‘¦Ψσή¨ξάκύηΆς,1
317,ριΟΠμΡΡΓΥΞϊΤΩ€?~~φαω¬?ΩϊΟΠΚ«αΕήέ£¬ό½?ΟΠ?!,1
321,ϋσβ©Κ¦ΫΑΚ¦Νσ£¬τιΣΪς¦ύΖ£¬φφθγ­νά£‘ετβ©άτΞ¦μιτΈ£¬ρώύ­φ¦γΐΣΪξάησκ΅£‘GDPφ¦γΐξΟεΖετυσΥΞξά£‘,1
340,ιΡκσΠϊΨΏμΡφθβ©ψχΦυ£¬μνν­ό½ΩΣπΤι£¬Ψ·Ψ·α¨κΕπ‘ϋΏ?‘£,1
347,"οΗϊ°ριΝμ?Ψ‘ΫφοΞς­ΛΑτΈΥͺιλ?.ΛΑΪμριίΘκΝ?ΞϊκΞ,τΈΤ΄ι©??ς’?Ψ©.?ΟΠχξ?Ν―θΜψ¦?",1
349,ΣΪ??α©σ³ό½άτήσν΄ΧΜλΪ,1
351,?ΟΉ? ϋΧ?? ???Φυ?£ΏκσϋΌ?ΣήΚ«?πΎφβ??£Ώχς?ριΪΈ ϋϊΰ€Ϋ°ξά?Ν§ ??Κ¦γΐυσΦυΣήΥτ?£¬?ΣξύΩΫά£¬?νρφ’? κζΝπτΈω»άτ?‘£,1
359,ιΡγΐΫέ΄μιιη£¬Κ¦γΐΠΡ΄Τ΄ιηnσ­Φυ,1
362,Ϊ°ΪΟζΘΦυ2σ­? Σ£κ΄φΣπ??Ο’ΣηΧμ????,1
364,δξΣϊριό€μΡΪΕ‘’Κ₯κϊ?κΖτΈξ¬ϊͺ‘’τΈπ¨ΑϊήριΝμοΩ?‘’??ϋωΨώθέπΘϊήξ€‘’ς€φθΣξΝμί§?‘’μΡΪΕξοΨ‘ΪΕρ«ϋω‘’?κ΅α¦Ν£ρι‘’Κ₯κϊ,1
366,ρι???ΚΧάτΣπ£¬ρώκσ??υσ?ΚΧξ¦φΦυϊ°£¬??έΫι?,1
367,ΣήΧΑξάρ«ΰ¬ΨΟξΚΟν?£¬ριΟΠμΡήέΦυί²εβφβΩϊΤ΄άτξ€ϋΊ‘£,1
368,ΣΪΨΪάτΚςάΓΣτ?γωξάβ©ξ¬ϋϊζΉοΧίΏΨΜμΡβ¦£¬ρώόεεσΛΟήΐγωΡ§ψΎριΟΠΣήΧΑξάΦΥΫέΰσ£¬ριΟΠΝμ?ΣΪΟγά²?Ωλ£¬θΗξοφΗΫέΰσεΪάτΝΣ£¬ρώίΜφΥΥΤρΞά«ΟΠΚ«£¬ιΔο±β₯ΨγθβΟΠοΩέ€£¬Κ¦έθ?£‘,1
370,τλΩύξΟ?ύξάΧ΅Υα χϊρ«?ύο± ξΟγΐΣήΚ«έοΞςΞΌγύξά μΧ?δ²Ωϊε₯ίΜΣΧΨΡϋυ,1
376,ριΟΠμΡό½άτΚΖα₯?£Ώ,1
395,"??ξάΤψΰ£¬?γΐΪΈ?ξ€δ²??ϊΌξάμισ­τΈ?Νσπ€ΩλΠοξάΣήϊώ??£¨άτΩ₯?ίΣξάΟΨ??ΫέΣψ‘°?ίδΜνΜό‘±£©£¬πγΰχΦυδ²?ΣήΨό?ϋσ?‘£?θβ£¬????ΪΠ?νΊγΐμιΩ£Ϋφ?Νν??νΊ£¬????ι»?ϊΌΦυΣήΥα???Σή?οΧ£¬λ¦??ωϋ?‘’χ»??ύ¨χ»ξάψΑχ»?υσ£¬???δ²??ϊΌΨΖύΩ£¬?ΣήΚ«άτι©ω¬?ήΑ?Υτα©?‘£
ΣήΚ«μιοι©??δ²?ΩΝξρξάβΟι©μς?£¬Ραφ¦γΐΣήΥτ?ξχ?ήΐΥτΥα£¬μ€Ρυϊ­?Τ―χω£¬μι???χ»??Υτ£¬β₯?χ»?£¬ρυΟ­ξ€?ΪΕ??φ½ω»ατΝΘατ?ξά£¬?δ²?κσηιτΆ΄ϊμ?ξά?ωΎΤψΰ£‘",1
396,"χ»Ψ½Ω»γζΪ€ςΑχλΦύτΈγψ£¬ό½γΐ?ύριΟΠΩΣξά?σψν»ϋίξά?μιμι
αΆμ€μιοΗε₯άτόεΚοΚΖΚ¦Υϋμιμι
μ€ξρρώι©κσξ¬£¬ϊΕωϋπ―μιΛΑζΘΞ³ξά£¬ϊήξ€?£Ώκσξ¬ν»Πω??£¬ΩμΡόεξ€ΧβϊΩϊΦυμιμι
άΓξάξ€ύ£¬ε₯άτξ€κσμΡζΘΞ³ϋδπΪςΔΟ­κ΅ΣιΞ¦ΛΫ£¬ΤΟτΈΤυξΚύήΥΧ?εΟ?μιμι",1
397,Ϋν­νώΡ’φΩψάξ€β©όεάτόεαταί£Ώ,1
402,"ξΟΛΑιλΥαγΐ?ξάυ±Ξ¦α¦Ν£Ϋ‘ΣΉΟΠΚ«ΝλΝμΛοΰβξάγ―ατΥτΦυ‘£

ΧβΦείΎξΟλλϊ±γΐυΜύ­μιχξάςΨό£¬½Υτ?Ξ¦ΛΫ?‘£?Ξ¦ΛΫφ¦ΩήΐΦυ‘£",1
410,άτΩ₯Ϋά‘£?δ§??ΤΝζΤψο?£¬?ήΕψμιλ?β©ε₯ι©?α³??‘£12α³?ιλΥα300ϋΖΪ·ε₯φ¦γΐ30ΧΨΪ·?‘£,1
417,ξΟφ¦γΐΡαΛΑδρΟΠ³F4ξάΚ«??£Ώ,1
418,?Φυ?ήΑμΡ£¬ω¬μΡΰάϋσετΦυ??γΐμΧ?τΈ?ξάκ«μΧ,1
419,γ§ΠΞψΑ??φό½άτΥΞΚΧΚΧ?£ΏξΟΧλάτγΐριΟΠ?£Ώ,1
424,ΡαιΡεύωΌ£ΏΝ©αΩκσΣΪξ¦κσΚ«£Ώ-,1
428,ΦΥτΈάΑιΞΣήΚ«Τ΄ψΑδΜ£‘,1
429,ρι?μΡυΜφΠΊάΧΝέ?£¬ρώι©δ²???μιφΘ£¬φ¦?κσΠΊάΧάτΦυξάΝέ?£¬ρι?μΡΪΕΚ₯κϊ?,1
437,α³γύν»γσδΜξο£¬ήσήσ?ξάάΓΤ³‘£??????????????????,1
439,ΨίμιΛΑγΚήΊ£¬Τ΄γΐξ€ΡΐΦβ?ήΘ£¬ήͺίΘϋΏ£¬Ϊ―??Οώ£¬Κ₯κϊ‘£‘£,1
442,?ξά?άτμΫγύΡαήΑατξ¬ατΡρξάΦΥΫέΰσ,1
443,τΈΦΥε¬‘¦μιοι©ΨώΝμ£‘£‘????????????????????,1
450,μι?κΓΥτ μι?ΥτΥα £¨Λσα€?ΰΌ£©‘£,1
451,?ξάΫΥ??ξ€?μΡχΤΤΩ£‘ΧΊω»??λεόωοΨϋΏ?‘£,1
453,ΠϊξΩιλ?δ²?Σξ,1
457,ρμ?2000ΦΓ?΄ξά?ύ¦?β©χκΪβ?νΈΠοΟ’Τ΄ετΦυ£¬δ²?Τπ???ΛΫύή??£¬?Νύξ¦ρΛΣπΧμΨόΡα?ψ«Ϋ©ξά?ύ¦φ¦ΚΧΣπξογΐ??ξάμιψΈ‘£‘£,1
460,ύρΨΠμΡΤ΄δΜξο,1
461,δΉΪ―φνέΦ,1
463,ϊ°?κσΪ«,1
465,ω‘ΣμΥήγύυΜρμι©τΈξ¬μΡό‘ν»ζΤα΄,1
466,ρΌλςδΜξο,1
470,"ΥͺοΜω»ΰ΄ξομΡΧΎξάχΧΰυ£¬άτΞ¦ε₯γΐω΄Μεε₯ρώκσξΟΛΑγΑύ¦φΰγΥΧΟ£‘£
ξΟπϊΣήιλε₯γΐμιΤ³ΜΨίδτΈς’ρύκΞ‘£",1
471,δΜϋΏ?£¬Ωήΐ‘£,1
473,??αΌίτ,1
476,ό½ϊΌάτιΔΡΜνε,1
480,ΚΧΣπδ²ξάγΌ?Κ«?δ²?Σήξάς’Ϋ°?γΐ??ο·£¬?ζΤ?ΪΈ?μ«?ύ΄£¬άΑρμ,1
481,κ«ΥΞνώΛ°ξΟήΑσΈ£¬έοδ²Κ«Ϋ±ξάΣήΛ£Ν’ό½σΈ‘£,1
483,Κ¦ΫΑΚ¦Νσ ΩήΐΩήΐ,1
484,α³έΟϋυ: δ²άτΞ· ΰ»ΨαΪΈΟΠζΉοΧξ’ΰγ,1
486,μιο·όεΞ¦ΛΫξά£¬ξΟρώγΐΝΕϊΠ,1
487,98΄β©κΘΣπΦυί¦ϋΡΝλ?£¬εύΝύκσ??ΝΤξάβ©κΘδ²ι©ΛΫ?β©‘£,1
490,μΡξ€Λ°ϋΙψύ’¦?φάτ?Σο£‘υσΥΞϋθπΔ?ϊ±ό½ξά£‘,1
491,ρμ??Ϋε?,1
496,δ²Κ«φ¦ξ€?Λ°? ?ζΤ??τΈτΈτΈω»ιλ Σ£?Λ°ξάβ©κΘ?Τπάτύ ?ρ«άτγΐρμ?άβς’μΡ άτΦυϊ°?ς’ξά?ύ¦χεοΦ ?BB ίζ?ήΐοΧ?άτΣή‘¦‘¦,1
497,ξΟλεδΕγΐ??όήήΐ?,1
498,δ²ϋΏίΐ?Φυ,1
499,ε₯Κ¦μ€???Σήβ©?£¬φ?άΑμΡΪΕίζΩ€δΜξο£¬??μ«??άτ?Φυ‘£?ήΘίΎ£¬ρικ«‘’?ϋΙ‘’δΜύΕ‘’Λ°ΰ€ϋσ??ϊͺ£¬ύρΛΦυύα΄ΦΥΫέΰσξάίζΩ€Πΰ?έ£‘£,1
500,ιλξ’ω»ΣήμιοΗ?£‘ω»?£‘ω»?£‘ω»Σπ΄ξΌ?£‘?????????????,1
501,ΝγΝγνώΛ°ΤΤΰ¦β©‘¦‘¦,1
502,Κ¦ΫΑΚ¦Νσ£¬κσωΪβ©ετμΡ£‘,1
506,???Λ°?ωΑγσ?ιΝρι?ΜΡ?£¬γΐ???ω»ξά??ωΑΧ΅£¬Σ£γΐφβ??κσ?ΰυ£¬?κσ?ΧΘ£¬??????£¬μ«?ω¬?ϋϊ?Κ«φδ?‘£,1
507,Τ¦Τ¦Λ°β©ΨϊζΕάτΜ½£¬ιΡκσεύόάωΑΫπΥ½?Ϋ‘άτΚ¦β₯γ¦‘£,1
508,τΈλς,1
512,νψΝλ ι©όήΥΞΦυ,1
514,ϊήα¦άΓ,1
516,Ωα’λε?’¦,1
517,ΚΧξΚρμΜΤΝΤΧ§ΣήωΎ£¬ξ€ΣίπΞδ²αΆΛάρ¬ξάΣήΧ§ΣήωΏξάρΊν­£¬ννΫϊ£¬ρμΜΤΣήωΏΣήΧ§θβννΚΧίΎΛΫ?Σ€Ϊέ£¬ΚοΚΖ?ΩκσδΜξοΚο£¬φ?ξάίΎφδ¨΄ϋδγΐμιΫέ΄£¬φΜθΤπΡΓΣήν»ζΤξάΝΕϊΠ?£Ώ,1
518,μ€ύ­ΛΗΩ£Π£ρμφΩ?£¬£¬£¬,1
521,ρμ?άβς’μΡ????θβς’μΡΫσ?‘£οΈ?Ϋ―έΫιΟκ??ι?Κ§μιω»,1
522,τιμιω»‘£‘£Ωνα’,1
523,ξοέ»γΐΰδί£β©£¬ ξοΟΉΡμϋω,1
524,χεΦϋλ¨ξάγΚήΊ,1
525,ϋΙΡυκΫγΚξάρισΙτζό½ξ€νώΛ°ριω»κύΦβπ²£¬λλϊ±Ωνήΐ????‘Ο?£¬ίΣγαΣΪ£‘,1
529,?κσ?λε£‘,1
531,ρμ?΄΄ωΎΜωΤ΄?β©£¬Ψί΄Τ΄Κ¦μ€κΛελ??μιψΌ£¬??Τ΄άτιΔξ’?Φυ£¬Ϊγοα΄΄Τ΄μι?‘£,1
532,??Ωα’λε,1
533,?ΫΞΜΨλε?Ϋ―ξά£¬?Τ³γΐ??γύξάΚο??£Ώδ²?Τπ??γύχΤξ¦??‘£?‘£‘£‘£‘£‘£,1
534,ΡυέΑΥΧ??ΣψΠαγ£¬μΪΡΓιΑΰδΠΰΣήΥαβ©ρϊ?Τυιλιφϋ‘ΰχ£¬ξ’ϊΎξεΣψ?μΉπγΰχϋίιλΛέ?Τυ?ϊͺ£‘,1
535,ΣΪκ¬?ϋΏΣΧ£¬εύΝύυσήΐό½όεκσμιχΨΩνς±ξάμΡΪΕϋήωώ£¬θΗξοΚοΚΖάτβΝι©ΠηΠηεφεφΥΞάΑϋήμΡΪΕ,1
536,β©ΧΧάτΚνμι?ξά??,1
537,ίΐξ€ΚΧΣήξά??ΣήψΈ,1
539,?γΐΦΥΩΎρμ??χχω»?ΟυξάΡα?Ου?£¬ΦΥ??ξάΡα?Ου?γΐΫάγΌ?Ου?£¬?γΐάτγΐρμ?μΡ?£Ώάτ??ξάρμ?υ₯?άΕχΧ??Τπάτ???,1
541,Ωα’λε?‘¦,1
542,ξ€ΰςγΌΧκΛοΣήΥαΨ‘ΞίΞιΠΖάβφ¦γΐχςΞΥό»ΜΡ,1
543,ρι??κσ?λε,1
545,ριΟΠμΡΪΕξάξ¬δκΝΘΡρ?λ¦ ΜεζΤγΐριΝμξάτΈτ‘,1
548,Κ¦ΫΑΚ¦Νσ,1
549,ίΣγαΣΪ£¬£¬΄΄κσΠΡμν,1
550,?γΐ?????Ννέο?ϋΏ‘£,1
551,ς¨Χ΅ͺΗͺ·ͺη£Ώ,1
553,α³α³ιλβ©ί©Τπδ§?‘£,1
554,?Λ°γΐ??£¬γΐρι?ξάΩ€?‘£?ξάς¨Χ΅Τ΄γ―?σ·ν»ζΤξάίζ?,1
556,Ν©αΩΰέϋσ£¬ω»λ΄Ν©αΩετ,1
558,δ²?ΚΧΚΧϋσβ©?υσ?ρώ?θΓ??,1
560,υΜΠΞκσ?ύάΓΣτΣήΧΑξ¬οΧξάψΑχ»‘£ήσήσ£‘Σ£γΐύΞΌγύχ»Ψ½μΡΪΕξάίζόΐ£¬γύα’ζ¨Ϊ±ΥΞε₯?ρμι©‘£μιςΑοχλΣήΧΑξάξ¬οΧΚοΚΖϋΏίΐΚΎλςι©άΓΣτξά‘£Κ¦ΰ­Φυ,1
561,ΤυΟγμΡξοέ»ετήέΦυφ¦ςΑέΖα³Λ¬Φυ,1
562,"?ωΌΡρΤπφΚΧΣπκσω»ΣήμιοΗιλξάγΚήΊ£¬
?οαξάϋίιλ£¬?ΠΖάβΩνΫφφθί‘ΚΧάτΣπδ§
?ΜΨίΐμιψΈΫάΨΤΨΤ‘£
??ΦΥγΐκσγΚήΊξ€ΰγδ§?ιλ?Σή£Ώ£Ώ",1
563,άΓάΓμνάβΞϊρΆ,1
565,δ²μιΛΑχΟίζχΟνώξά30Πϊ΄ξά?ριΟ‘μΡ£¬ΚΖΤπξΟΛΑϋσβ©άτΣή£¬ΩΌ?ΰγΦυ,1
567,Κ£ξάΥΓ Ξ―ΨΪΤ΄ΩάΓΣτ ίΏΨΜε₯άτσΣρμ~~Κ¦ΫΑΚ¦Νσάτς±Τ³??ι©ίΣγαΣΪ ?ΣΪρΛ,1
569,ΠΞψΑΫ‘Σήβ©,1
571,?Φυω»τΈ?£¬??τΈΠΖάβ?κσΣήιλ,1
572,ϊήξ€Σήύβ¦ριΟΠΫέΰσΤ΄όΐξ€β©δ’ϋύζπρι£ΏκΣδ§?δ²ξ€?ς’ξάφΡτ«έΫιάτγΐ£ΏφβΩϊΤ΄γΐάΕχΧψΑΪΕ?£¬Ω?φβΩϊΰγγσά«μΡκσύβ©δ’ϋύζπ?‘£ύήσ?ιΡΰχΝνεΣμιέλΧΗν­??ρμγ¦‘°τΈΨώριΝμ‘±ξάύρΨΠ£¬βΜζΤφβΩϊξάύρΨΠμ«ΜθΥͺΝφΠϊδ¨΄Φυ‘£‘£‘£,1
576,??λε£Ώ£Ώ,1
577,?φ?Ω₯δ§?£Ώ,1
579,Τ΄μ«ΜθΰγΚ¦ΫΑΚ¦ΝσΦυ ωΌόΟη―ψΈΚΧΡΓΥΞε₯ό½ϋΏ ρώόεπγιͺ,1
582,ρι?‘’?Υβ’ήέξρ‘’ΝΘ?χΌ?‘’οΜΛάΠτΩΨήο‘’χθϊμ?Υ‘’γ§ΡΡέοΥ£‘’χθΚ₯ύ?‘’ς’θ«?Υͺ?,1
583,"ωχμνξϊξ³γΑνψΛΏΰ΄ξ€ρμΜΤ
Σ£ήΜΞϊ΄άτόεξ€ρμΜΤΤ±ΛΫχ»Ψ½?£‘",1
584,κσδ§?£ΏΚΧάτυσΥΞκσ?εΖ£Ώ,1
585,άτ??πΓγύ£¬??μνφ¦ς±Τ³ΣΝδΠΦυ£¬ύή?ΦυχΛξά‘£,1
586,ρώγΐ?α³ετβ©μ»μ«£¬?ήΐ?£¬δ²?χΟς’ΚΞ??ξά,1
588,Ϊέύχ?,1
589,ϊΕωϋcctvb ό½Φ§αΩΥΧτΈχλμνάβΞϊρΆβ©ξ¬ξάαΌγΣ£¬ΣίριΟΠβ©ξ¬τ΄νάτπ«£¬ρώπ«ς’ΠϊτΈΤ΄Λγ·ε¨α²γΌνή£¬ςΙύιΜθπ­£¬ψΑϊΌγΑΝφ?£¬μιψΈΚ°Ωργ°ψΑ‘£,1
590,"φ¦ξΟοΗβ©ριΟΠφ¦?Φυ,?ΩιΔ",1
592,?ϊͺΦυδ²ξάΟΠ φα???Ωϊ,1
594,"Ξι??όεξέβ©£Ώ?γΐϋΧ?‘£
ξΟϋϊίΎΰψΡ’?ξάμιεΖ‘£‘±β’Ρ¦Σόςδ£¬γ»ΝιΩνπν‘±",1
596,Ω?Σή?,1
597,?ήΑΚΗίδτΈτΈ?γύξάγΐρι?ΦΥΫέΰσ??Σπ?ξ€??ω»ς’?‘£ρι?ΦΥΫέΰσ??Σπ?ξ€?κσ?ύή‘£ρι?Σής’??ψΌε―£¬ξες’τΆΧμξά?ΜΡωΌ?φ?ΰχ?‘£,1
598,?κΘΣήϊόπ©?γΐύμ?ΦηήΑ?ήοτΥπλξάΫΞΜΨ?‘£‘£‘£ϋΏ?~,1
599,ξοΤ΄Κ¦ΫΑΚ¦Νσ£¬κσΣΪξ€Ρα?ί²ϊςΣή??ξάΟχπ§Φυ£¬ε₯γΐΚ¦ΫΑΚ¦ΝσΩήΐξά£¬ΦΥΫέΰσπΔγ§Ξ±Φυ£¬???£¬£¬£¬£¬,1
601,Ξ¦ΛΫδ¨μνχ»Ψ½αΆκσ?ΨΪτχΤ΄ψθτΈΛΟς’ξάάΓΤ³ί²ϊςΣή?νβόεέΪΟχ ?ρ¬ΟΠΚ«υσμιΛΑΥΐίδηθΜν χ»Ψ½ΨΪτχξοέ»β₯Νο??????????,1
605,τλμιήΑμΡΧΊήΑΟ’Σμ£¬άτι©ξ’ί«ελί«εήΦυ£‘,1
606,δ²??ξά?ς’μΡ???Κ£???θβΨόξάμΡ,1
607,?Ξ¦?Σ«ψΈ??ΣπύΤΨν?ϋσβ©Φυδ€ςΈοΘΠΞα³ΞιΧ΅β© youtubeμ«Μθ?μΡΛ»νώΛ°ϋσξ¬?ρ«ς₯?ι©ό΅ΛΑό₯πΉ?,1
608,?΄ν­άτγΐ?β©δΜθΗνΈΠοΟ’£Ώρμ?μΡ άτάΧ??,1
609,"μιογΐΚ£ψΈ,ε΄γΐ?ξά,?ωΌϊΕωϋξάο³γΚΩκσχλΫ―?",1
613,"ω»ιλτΈ,Λ°β©σθ,ί©γΐδ¨έΒοαίΘξάήΐ,?Τπ?ΛΫόλη―όλίδ?£Ώω»κύπ’άτπ’Τπρ¬£ΏΜΪβΝι©?ΪΠμιΪΠ?£‘ΛΫ?£‘",1
616,Κ£ξά,1
618,ΩΞΌΜυξά ?ϊͺΦυδ²ξάΟΠγΐξοιΤρ΅υΜ?ϊͺΦυ‘’ί²ϊςΣξΦυήέίΏ6εβμΡ‘’δ²ΩϊνζΝσξοιΤρ΅ξά?ϊͺΦυδ²ξάΟΠ,1
619,νώΛ°ί²?Ϋσϋσ... β©κΘμιΦΨίΎ?.... ριΟΠοΩέ€?δ§?άτγΛίΜίΐμι?ιΔ?ωΑΥΞ?πΎΛΫβ©...ριΟΠξΟ?ύΟΪΣιξΟ?ύή«Ρ¦ή«χ₯ξ€ΥΧωΑϋϊΛ°ριΚΰνΘΣπΚ¦μ€νΘμιπΙς¨Χ΅υσΥΞ?!!! όάωΑΠμγωδ²ΛΑμΡλλ?γΐυΜϋΏφ½β©(νώΛ°) ξά?β’! ήσήσ!! ??????,1
622,Σή?α³ΞΦξά£¬ί¦ϋΡ?άβ?φ¦γΐμι?Λ°γύ?£¬Ψί΄ωΎτΈΤ΄ω¬ετ£¬άτετξ¦ΞΦΦυ‘£    σψ??β©ΝύγΌ?Τ΄?ετβ©£¬?ΣήοΓβ©‘£,1
623,ριΟΠμΡΪΕϊ°Ϋ―ΟΪξ€ΡαΧλ£¬Σπτ₯β©ξ¬£¬Σ£ό½ΩκσΜΈΣπμιΛΑϊ°Ϋ―ΟΪ£¬ξοέ»Τ΄ξ€άΑϋήγ§ΠΞψΑ?£Ώ,1
624,??μνάβε₯?ϋσβ©??Τ΄?μΡΛΫρ??‘£ϋΏίΐε₯ήέΦυδ¨?μΡ‘£,1
625,"Ωήΐξά,
υΜύγΐα΄έ»?μΡΪΕαταίμ»μ«‘£
ΪγοαάΑρ¬α¦Ν£π―μιΣή?,
έοα³ΦΥΫέΰσΡαοΓΩ€ρμι©ΤπύΦυ‘£",1
627,?Κ£??£¬ρι??κσρμ???ΰςγΌ‘£,1
628,?ξάγΚήΊόΜΥΞόΜΛΫΠ£ροαίΘ?£ΏΚΧΦυδ²δΡομΤ΄ό£Φυ£‘ μιοΗΤ΄άτοαίΘ,1
629,ά¬ΥΘή¨γΑΚΰϋϊΟ’ΰίΦυ£¬ΚΧΚΧΧΊελφ¦ς±Τ³ΩμΡξ€ϋΊΦυ‘£,1
632,ί¦ϋΡ?Τ΄?κσξοέ»ετθΗ£¬ΠΖάβφ¦άτΠ£?Σήβ©£¬?ΰύΰύ?£¬?φ¦???Σήβ©,1
633,"ίζόΐξ€β©δ’ϋύζπρύρι£Ώ
ΡαίΜ?βΑ£Ώ
?ΪΈΟΠ£Ώ?Ο±ρ½£Ώ
δ¨ΠϊεβμΡΟ’ΣίριΝμάτΨ»φ¦χκ?υΟ?Σό?£‘",1
634,ϋΏ??????,1
635,δ²φ¦γΐρμ?μΡ£¬?ξ€φ¦ξ€ρμ?£¬????ξπϊώξά??φ’?£¬ρμ?γΐω»ΦυΣήιλ£¬Σ£ρ«ΰςμιοΓ??Τ΄?κσ£¬ί¦ϋΡ?γΐΨί΄ϋσάθΤ΄?ω¬ετξά£¬??ΝΊλςξ€?Χμ?ΣήΠμ?£¬άτς±Τ³δ§?γύ?,1
638,ΪγΝμΪγ?ΝύζΤξά?ν­ΝύζΤκσφ¬‘£ι©άτγΐρ¬?Λ°?ίΎδ²?ίΣγα?‘£ΨίτΈριΝμμι?έΪ???‘£ωλωλ,1
639,"άτι©πγιͺΦυ£¬όήΤιγΐδΝ£¬ΟΠδΜφαΥΞ???‘£ριδηΰγβ©ξ¬Κ¦ΝσΚ¦ΫΑ£¬ριΟΠ?Σή?£¬φθρΛθβνΐ£¬ΦηήέϊΕωϋ‘£



2008΄£¬ήΜτΉς’ςθ£¬ϊΕωϋζΘ200εβ‘£

1998΄£¬β©ξ¬£¬ϊΕωϋζΘ6.8εβ£¬υΕδώα¦Ν£π―μι‘£",1
640,??£¬?ΛΏΰ΄άτγΐ??ΧμτΜρΛξά‘£???Τ³Τ΄?κσ‘£,1
642,φ¦ί©ετ?Φυ£¬??κσδ§?ϋΏ??£Ώ,1
677,μιΫ°ϋΏχΟς’οΪοΪω¬Νμ??πΩ?Φυ70΄,1
685,"ριΝμυΜύμόΆίΓήΐά¨ύμήΐ
άτπ«Οχπ§ξάΩύπΉ£¬ΡΪΟ­ξ¬ρύοΧϊΎμΡΪΕχΠΝνΦΜ",1
688,υΕΚ₯αάήΤΚ₯κϊ£‘ξ’υσΦ§ό»τύ£‘,1
689,"ί²ϊςΣή?έΪ?Ωκσ£Ώ
?Πα£Ώξ€ΰΚΤυ£‘",1
690,ρι?μΡ??ύήΜΪύξά??£¬???Φυ£‘,1
702,ΜύΧωβ©Λ£τΈω»,1
707,ΜύΧωϋσβ© Λ£τΈω»,1
708,γ§ΣήΣή:Κ¦ΫΑΚ¦Νσ£¬μιο·OK,1
741,ίΎκΕμιχΨκΛελιΖτιγΚήΊ£¬δ§?ρμΜΤετΣήβ©ί²ϊςμ«φαΟχπ§£¬ριΟΠκσυ±Σήξ¬ΡρΦυ£‘ΜΏΝύ?£Ώ,1
751,ζΤύ­?£¬υσκ΅β’ΛΑΟΠι©Ο­δΉΝμΚ«κ?£ΏίΜξάΪΈ£¬μιτΈτΈξάρώίΜχΦχ»Ψ½£¬χ»Ψ½φ¦γΐάτ?£¬,1
753,ΡυΩνΟ­ΝΘΟ­ΡρΞΊα¦λεάΜί±,1
758,@TφθΟ·άκ  ‘ΆΧΊήΑΟ’άΨν­αέβ₯‘· ! ‘¦  ριΟΠψΑΪΕμ«Μθ?σΣΦυ£¬ριΟΠΣήΞ―κσρͺ£¬ ριΟΠψΑΪΕκσωΌρͺ???? ΧΊΟ’άΨ?! ????????????,1
767,γτΝΘΦυαΌΫΑκ¬ κΓΣήΚ«ψΑδΜ,1
770,Κ¦Υϋ?‘£‘£‘£,1
779,νΘπ«,1
789,Ξ―Ϋ°ΠΖάβ?άζ?αΌγΣ  ?π§γΐΦ΅ΣήΚ«??ατ Σ£γΐμΡμ«?π―μι??ΛΫΟ­Φυ τΈτΈπγ?φήέ?£Ώ,1
793,@Χ£δΡ   δ¨έΒ δ¨έΒΣί!  ‘¦  ριΟΠ?ξάμΡΪΕξ€ριΟΠοΩέ€δΡρι ρώγΐϊ­χ¨μιΨ£?ήή£¬ξ€ϊ­θβξάριΟΠμΡΪΕ ΣίεΪριΟΠοΩέ€ ρώγΐγΊγ?ξάψΘΪͺ£¬αΆμ€ ‘Ά»κΓρϊ­θβμΡ£¬άτκΓρριΟΠμΡ‘£‘·!  ????????????,1
796,ξΟγΐγ§ρΉ?πϊξάϋΏγΐ‘’ριΟΠμΡΪΕ?ΪχΝμξ¦γΐ‘’,1
799,"ξΟγΐτΈΜΉ £¬άτγΐάΕχΧτΈξ¬‘£‘¦ μ€ξρψΎο±£¬ψΎζΘΞ³£¬ψΎμΡ£¬?ξ€?οαΤπΣπάΓλλ ‘ζ?γΐ ‘ΆδΒκσδΒάΓ£¬άΓλλάτίΠ‘·
μΡνΒ?  Κ«ω¬ύΓΨώ£¬Κ¦έθ!
ΟΠνΒ?  ΪΕω¬ύΓΨώ£¬Κ¦δξ!
ιΪ εΟ ? Ο·Ο·Ωϊ: μι ΦΨ ϋΏ ρΛ ! ???????????????????????????????????",1
810,ξΟπϊαΌγΣλλϊ±Ϋ‘ψΦυσΥΞ£¬εΣξ€ς’μΡΪΕΜνΚΖ£¬ρΌλςν»γσδΜξο£¬ριδηΠΰς’Ϋ°οΩέ€ωκνΒΟ­ξ¬£¬ΪΕΚΰΣ₯τχϋδΠμφβΟΠΚ«ε₯όεπ«ΝκϊππΎ‘£,1
821,???ξ€???άζ?αΌγΣ£Ώ?γΐΤΈιΪΤΈξΔύήύΦυ£ΏΩι?ύΩ‘£,1
834,α³ξέβ©μ»μ«£¬άτ?£¬?Ωϊό½κσΣΪ,1
844,χΌϋΏΚΧΦυ,1
856,"2020΄ξ€ριΟΠΫ‘ίζξά‘ζ  ξΟγΐ‘ΆτΈΜΉ‘·  £¬άτγΐάΕχΧτΈξ¬‘£  ξ€ριΟΠΨίμιΛΑΰύ   ΨίμιΛΑϊγ    ΨίμιΛΑυ½   ΨίμιΛΑΰςγΌ Τ΄όεΫ‘ίζξΟεΖΝπψΟξάρμΥαϋσβ©ξ¬   Σήψμιλ   έΪϊί£  ϋϊ φθΞΚω¦£¬μςωΌμΡΤ΄Τ±άτΞ¦ξά‘£ ‘¦ ίΜκσΩ€ξά£¬φαΪζρΛ?£¬φαΧξΛριΟΠ£¬ϋσβ©?????Ξ¦Ϊ±ω¬ετξάγΌ?ξά£¬φαρΛ?!‘£ ????????????????????
μΡνΒ?  Κ«ω¬ύΓΨώ£¬Κ¦έθ!
ΟΠνΒ?  ΪΕω¬ύΓΨώ£¬Κ¦δξ!",1
92,Κο?β€σ’ς?ξάϋσβ©αΘξ§£¬??σ’ωκ?ύμ?‘£,
94,ιΡι©ύΚοήσ?μισ­‘£??,
98,??????????,
103,ξάό¬?ύΥΨν£‘,
108,ήΐάτ?ΠωΝΤΝΤ?ΡΓ???κΕ?ϋΏ,
109,ΦΥΫέΰσ??????????,
110,ατξ¬ϋΒΤ΄κσάΝπΎ?£‘Πμγωω¬ετβ©ξάΤ΄?ΛγύΚ¦μ€ό΅Ϋ?£‘,
113,ϋΏϋΏϋΏ,
115,"ο·?:

ί£ϋσυσ?φ¦άτι©ρΛΠΞέΒέΒ??υσ?ϊΰ΄Χ΅.?ΣπωΑβ©?ϋϊωΑβ©χΌφαφ¦άτι©??.?ΥΩ??ξά!",
120,"Ω€Ω£λΪγΏΣΧΚοτΈλΪγΏ
εύΠΡξ¬Μ€ό‘ΟΠδκΪΕπι",
121,??Παξάβ©Χ΅Σπ?ΧμΛΫΦυ?£Ώ,
122,"ιΡΥΞ?
ύα΄σ­Φυ....λΪ?Τ΄ξΌγΐω¬ψάύα΄σ­?
ψΈΣ«χΌύ,ιΡκσοΗΥ―....",
123,γ§ΣήΣήκσ??Σπ,
126,β©ε₯ετχΌΝΤΦυ?‘¦ϋΏΝπψΧ,
127,λΪγΏμΡχΌΚ¦Φ»,
128,ήσήσ?ξάέΒϊ½£¬τλρΌλςδΜξο£‘,
129,?ίΪΣή?ξά?γ·‘£,
130,"?‘¦Ω₯Ω₯ιλΤ΄άτΣή

μ»σ¦γΑΚΰΤ΄Ξ¦Ρα?Ξω£¬πΔϊ±ΫΙΞΓΦυ",
133,ϋσβ©ΝγΝγΡ©σ³έ©β©£‘ΝΘΦυΪΕ?έώΦυσ³ίΒ£‘?σΣ?£‘οΩέ€?φαΫ‘ο±Ο­ξ¬ψ¦£‘,
134,?ήΑΤ΄?ΰχ??ήΘυΜ????ήΘΦω‘’ύ??ίζόΐριυΜυΜ?ξάοΓοΓξΩξΩ ?????????? ??????,
135,?ΰΟ?ΩιΫάΞί???,
138,ετδ’μιοΗΩκσΤ³Σμξάά»ΤΈΟΠΚ«ι©ΨώΣό,
140,εΣδ²ίΜΣπ88ω¦ξ¬,
142,ΨίΥΰσ³Τ΄κσν»ΠωξάΝΊήΐ   ΚΧξΚσ³ω¬υψρΛ   δρσ³μΡΚΧΦυγύ?χΤ,
143,Ϊβε¨??Ϋ―β©£‘ί²?,
145,ϋσβ©μιε¨ψμ?£¬ΚΞΝ½ξάωΑβ©?ΰχ??£¬ίΎκύ?άτ?ίΎΛΫ£¬χεΜν?σ·£¬ίΜίΜΤ΄ς±Τ³ίΎκύξ€ΚΞ?Φυ,
146,ΚςελκσπΎεΪΤψεΠΰγΑλλΣίϋσΧ΅δ²ύμόΆ?Ωϊ,
148,Ω½ξΔξάΝΊ?λΪγΏάΕΛ½ΚφΧύ?γΐάκ,
150,?Λ°?δΝμιψΈα»?£¬Τυδ²κσ?Φυ£¬μιοι©???ψωΛΫ?έΑωχϋσ??‘£εύΝύϊξδ²΄?ΣήΦυάτιΔδ²‘£δ²Κ¦μ€?ν»ς¦?£¬?ν»έ»ίώ‘£[?αΕ],
151,"?£‘ρι?ΦΥΫέΰσ£¬ατΝΘΦυ‘£
β©μ«?ετΣπ?ΝΖ£¬όΥίΎ£¬
όΥ???ν»δ²Κο?ΥήϋΏ‘£",
152,Ϋεό€γΌ£¬ά¨θάεΗ£¬ΝΤΧ§ΚΘ£¬ά¨ϊΛ«£‘,
154,ΚοήσκσριΩώνΨ­£‘,
155,ξρΫΙ???,
160,"ΜΈΣπξΟοΧόΟ£¬?γΐύρΨΠΡαά«ξάμΡΩν,ατίΏ£¬Σ£γΐκσ?ύάτς±αΆκέξάμΡϊΉξ¬δΕό‘£¬ΥϊμελΦε£¬?όγλχγΐάτγΐμΡΧΎ£‘",
161,τΈιΞΫέΰυ,
162,ω»κύΚ¦μ€ΦΞο±£¬μ«ΜθκσμΡΦΞΡΓίΎΫέΨΏ‘£,
163,Νρύμ,
164,?Φϋλ¨δΉ,
167,πΔίΎΤΝΫ‘ξάψοβ© χΧίΘγΐΪβε¨ίΎκύξ€Ϋ―β©,
168,?γΐ??ξά?ψμ?ιλ?ΤπΜΪΨνΦ­ήΑ?£Ώ,
169,??ί²?Σή?φ¦γΐ?Φυ άτ??Λ°ν»λ¦Χ΅? £¬?μι?ύκΕξάβ©ζΤύ¨μισ­ΰυ??ϋΙέΑ‘£,
170,ΪΈ?ε₯κσϋσβ©Ϋς??£¬μνάβε₯κσϊ­??£¬δ²??οΓβ©?κσδ§??ΤπΣή?α³ΞΦξά£¬ϋσβ©?ύ¨δ²??ΜΪϋΏ‘£,
172,τΈξ¬?ξάγΐΚ¦?,
174,ΜσγύΤΡΫήξά?Ψό,
175,ριΝμβ©ΧΧέ»£¬χΌζΆϋθΦυ£¬β₯μύμιΛΑα³ ΚΞέ»£¬£’β₯μύ£’ϋΏΞ¦?ύτ₯?ΣήΞ―‘£ιΡπτάτόε ?Ξ§‘£ΨΏΣήήΐκσα³έΟ?υσΥΞπ’£¬π’άτΣπφ¦ΰγΨΏ΄μιιη‘£β©ξ¬μιΞ¦ιΡγΐ?ο±ξάϋΏμνν­£¬ασπ§£¬υι?ιΡγΐβΟι©Νοοο‘£,
176,???λεΤ΄?αμΣπ?£¬χΌ?ϊͺ?‘£,
180,ϋΏίΐΣή?Ξ―ΨΪ?κσ?‘£,
181,εύΝύ?ξάΣήψμιλ£¬?ξάΜπΤιΦ§ΣίδΝΤ΄ΚΧάτ?£¬ϊήξ€Τ΄γΐ??Κ¦ΜΈξά‘£Νμ??μΡ?ΰέϋσ£¬άτΞ·?Ωϊξάήέόΐξ¦γΐ?ίΣ‘£,
182,δ²ΨίτΈΚΧ??£¬Κ¦γΐμι??κσ?δ²υΟακ?κσ?ΡυΫ°ϋσβ©ξάγαγΣ£¬??όήήΐ,
184,υΜ?ϋσβ©χάύ¨?ίζζΉοΧ,
185,Σ¨χ»Ψ½ΫΐΞίΟΠΣήίψΗ500εβΪΈΡΡ‘¦‘¦ΚΧΚΧΠΡμνριΟΠσΣόΟ£‘,
186,ΝύζΤγΐΧΧϊͺΟΠ£¬φβΩϊξάσ³Κ¦μ€β©ΧΑΥΧιΔ,
187,δ²ΜΈΞ¦ψάβ©ξάσ³ν­£¬Σ£πτΩΜΈΞ¦ξ€β©ΧλψχΧ΅ξάσ³ν­......,
188,"ΠΏΣΡ¨ύ¦ά¨τΓ£¬?ΣίΚ¦αμγζ?ξάίζόΐ‘’?ξάγΚΝ£‘£
ξΟάτγΐΠΏΣυΜΣή£¬ξΟρώγΐΣήν»ζΤΪγΪΥτΥαξάηθζΡ??",
189,ξΟβ©ε₯χΌΣήΦυ?,
190,Ο­ΡρμΡκ¬ρώΟ­ΨΩν­?????,
192,?ξάϋΏ??ξάϋσβ©‘£??,
193,β©?ξ―£¬ξΟσ­Ϋ‘Σήξ―Φυ‘£,
194,ξΟη―ψΈΚ¦μ€χλ?£¬άτόε??εΖ???,
196,ό½κσζλΥΞι€χ»£¬ξΟεΖβ©λλϊ±Κ¦μ€ξ’ΣήμιήΑ£‘??,
198,ζΧκϊΡ¦σ³ό½γΐα¦Ν£ίΎ?ίζθγψΡ¨τχυΜα΄£¬Ρ©σ³ϋϊο³Υτ(σ³)?ίζξάθγψόωλλμ«Μθξ€δΡξρμΤρϋ‘£,
199,"??????
οΩέ―χκσ³γΠδ?ΰΟΦυ‘¦‘¦‘¦‘¦‘¦‘¦",
200,Ρ·Ο΄ γκάΑιήϋΙέΑ‘£,
205,ΚοήσκΙΣήξάριΟΠΝμ?ΣΪ£¬εΣριΟΠΦΥΫέΰσκσΡ¦όεΚΧΣπξΟεΖξά‘‘―ϋσβ©‘‘―£¬ΣήΛδΡΝ£’¦,
208,ϋΏΞ£νε£¬ύρΨΠξρΰΚμΡκ¬ψΑδΜ,
209,??α¦?Ϋέ?‘£αΕΚΧτΈω»?ιφ‘£,
211,τΈι©ΨΜΝμέγ,
212,"""Ξ·φβϋσβ©Τ₯τΈ ΪγοαΦΥν­ι©μΉΪΕ "" ξΟπϊίΜΫφξάμΡχΌύΦυ ΣτφΘα¦Ν£ίΎΠμφβΟΠΚ«ξάμΡΤ΄ξ€ΚΧαΕό₯ ""?! φαΞ¦ΥΞΚΧ κσμΡξ€ν»ΠωύήΪωξάθΟΧλΥΓγΊ?! χΌ?αΕΦυ""",
213,λΪγΏ?β©?ί²?Σή?κσ?Ν§?£Ώ,
215,φυξΤσ³εφνΊΫ‘ξ―Φυ£¬ΣΪεΣ?Ϋ‘ξ―£¬?ι©όήάΓΣΪ,
217,μνν­Ξ¦ξά?ΪΜμιεΖξά?,
218,ωΑβ©μιε¨ψμ?£¬ίΎκύιΡάτ?ίΎΛΫ£¬ΣπξΌ?ίζΦυδ§?£Ώ,
220,κσΣΪξ€άτι©?τιΣΪξάό₯κσγ§ξ€,
222,ξΟΛΑγΐβ©Τ΄,
223,????????????????,
227,ξραΆΪ±ΜΈ~τΈιΞριΟΠ,
229,ΣήΜσα³ΞΦ,
234,φάτφ?π«ψμιλ£¬?γύΦτΫω?‘£ξοέ»ccpρξά?£¬άτι©ΞΦτΈ‘£,
237,τλΩύό¬ογΐω»ψμιλ?£ΏΚοΚΖγΐβ©?ΰέϋσ’¦,
241,τΈβ³,
242,ϊΉϋΏξΟά«ΩκσοΘΦ§ήͺρ½δ¬Ψ©ααωΑ£¬ι©άτζΤεΰΧΎγΐ?ύ£¬?ριΟΠμΡψΪεΰάτΰχ£¬Ϊγά¨ΰχεΰΧΎξάγέΪͺΥΞκΉ‘£,
243,ιΡΫ―β©Φυ?,
245,ά¬?£¬κσΣΪξ€£¬μιο·Τ΄ξ€Κ¦ΫΑΚ¦Νσρι,
246,άΓλλ?,
247,ριό€ΪΕΟΠβΟΤ΄χ»έΑΠΡτΈε₯ξέβ©Φυ??,
249,?άτΩ₯Ϋά?ΧμμΡξάγύχΎ£‘μι?τΈξ¬?ΰχΦυμιΟΨμΡ?οΩφ½ξάς’Ϋ°£‘??ξάμΡΰυΤοΧγύΛΫ?ΧμΦυ£Ώ,
250,ίΣγαΣΪ?ξΚΣΪρΛ~~ΣΪΰγύύΠκσί²ϊςΣή?αΆμ€ξΟσ­ξ¬οΧρώκσΧΏΛΑγχ?~~Κ§Κ§~~ννμΡό½ι©Ν©αΩίΣγαΣΪ??~~ό½γΐό½Ωω¬ετα₯Ν©αΩίΣγα?,
251,?τΈΤΰΡΓΥͺΩι?£¬?μΡΤΰΠμ?£¨?πβ£©Ωι?‘£ί²έΒτΈ?φέΒμΡό‘‘£τΈνΒ?Ωι??£¬μΡνΒ???ατ£Ώ κζκσσέ?Κ°£ΊΡΓ?‘¦‘¦,
252,ϋΏύεΰ?‘£,
253,?ιλάτ?πγΰχ???ρμξάϋσ?ξά£¬ρ«ι©?γΐίΎΨό??ΰάϋσξάβ©ό΄,
254,"β©ξ¬ϊͺξάχςΞΥΥτΜσμΡ‘£Ο΄ίΎτΈφθΟ­,μΡάτφρδ§?ξά!",
255,ριΟΠξ¬ΡρΠΡ΄?ύ£¬ΚΧΣπε₯ΡρΞ¦£‘£‘£‘,
256,"γ§ΠΞψΑΣμάτΫΥκΘ,ω±Λ½τΈξ¬!",
257,ξΟ?ύβ©ΧΑΥΧιΔβ© γ«ω¦χςΥΘμ»ΛΫ‘£Κ¦φγΐΛΫφωΐΛΫϊ°Ϋ―χ»Ψ½,
258,τΈ?Νμέγ ??Ϋέΰσ,
260,μ€ξΟεΖξάΛ½ιλΥα.άτΚ¦φόεβ©ξ¬ΣπξΟ?ΝπψΧ?.,
262,?ρ«ΰ¬οαξ€έΑΫ°θ¬Ϊ·ς’Χμ£¬???κσ?ΡυΫ°ϋσ?ΚΧΚΧ‘£,
265,Ρ·Ο΄πΣ?ΤψΰψΑδΜ,
266,"άτγΐάτΤοΧ£¬
Πμγωβ©χάΦυε₯άτω±??’¦
Ϊγοαό½όεξ’ετ£¬
ξΟπϊσΣόΟΜεζΤέΑΜΘοΩέ€Τ΄ΩκσΟ­π­Ϊͺνΐ£¬Π£μΡΪΕ??όΐ??????",
267,ξΟήΑΪ°γαΚΧάτΣπ,
269,υζάΨύρΨΠμιο·ψΑδΜ‘£,
270,β©χάύ­£¬Ψ‘ΚΎΛγ·χΧβ©Ο΅£¬ψθΦΨ‘£,
272,τΈιΞΣήΧΑς’Ο‘νώΛ°ίΎριω»κύμΡΪΕΫέΰσ,
274,ι©ετΣήβ©£¬ήΜφ΅Χ§δ’?£‘φαΤ±Ω€ΛΫ?£‘,
275,λΪγΏμΡΪΕΚο??ϋϊοΩέ€?,
277,κΓξομΡΧΎφαΚΖα₯,
278,Τ΄ΜυΝύΟ££‘εύΝύ?ΜυψΛΣΓ£‘Τ΄ρκκσμΡ?£‘Κ₯ίΎΝμΟ·ΣίϊΕωϋμΡχ»Ψ½μΡρΞ¦?£‘γύπΞ?£‘ν»ΠωΞζ??£‘λξΚ«ξοα¦Ν£Τ΄ΞζΡΜψΛΣΓΩνμΡΤπωΩ???£‘Τς€ΩϊΚ₯κϊ??,
279,α³ήΐα³ήΐ£¬γ§ςδψΑγΐγκ£¬κΙΣήριΟΠόειηβ©φΞΫ‘ξά‘£‘£,
280,΄Μθη―ψΈ‘£‘£‘£,
281,μΡιΝτΈς’ριήΔ??τΆΨ²,
285,ϊΕωϋ‘’τΈδΜΪ¦,
287,?κσ‘°Ω½?‘±ξάΝ΅?,
288,?δ§?£¬Κ¦ΫΑΚ¦Νσ,
290,ΥφήΘωΚνΊΩύ£Ί  κΫΣήξάΣΧ  άτυσΥΞΟ­κ΅Φυ£Ώ  9000 Ψ²?‘£,
292,"τΈξ¬μΡό‘ν»ρν»ατ
?Ψε??πάό‘δκΟΠ",
293,ϋσξ¬άτς±ήέύα΄Τψΰ....Κ¦ΝμέγΤ΄ΩάΓΣτ,
294,ΟγμΡΚ«ΡΓΥΞ?’¦ΡΓλωϋάΚΗμ«ϊΒΡΓ£¬?Ωϊό½ξ€Τυδ§?£Ώ,
295,Ρ©?ω¬?ρΛ?άτΣπΦυ£¬άΑ?ΝλήΙ???£Ώ,
300,ΦΥΫέΰσΩϊάτιΔυ₯Πα‘’ςΑγΟυή«σΉΡυϊ­Ϋ°ϊΎ‘’?φαφ¦όήΥΞΟ­??,
301,λΪγΏξ€ί²?ίΎκύ?£¬????ύμΡ?ΰχί²?Σή?Ϋ―β©Ϋ―ξά?,
302,ίζΦΔΣσχ©,
305,μι?άτς±κσύα΄μΡω¬Νέξ€Κ«Χμετήέ,
306,Κ¦ΥϋΦυΣίδΝμΡΪΕ,
308,τΈ?£¬τλοΞοΞιλ?£¬ά¬εΣΩνΝΠξάμΡατξ¬,
309,?σ­θΜ?Σή£¬ΠΖάβφ¦άτχκρι?μΡ?μΡ‘£χΌ?έΒΦυ‘£,
310,Ρ·ΤͺφβΩϊκΐΧξβ©ό΄,
313,?ιΝΝμ????£¬?ΧβγΐGDP£¬???β©?γΐGDP£¬??γΐGDP£¬ξογΐGDP£¬Σή?Σή?£¬α³?α³θΪ£¬ρών₯ω»Ϋέΰσξά?β©φθ?£¬μιίζξά?υλξο?Φυ‘£,
314,ρι??ωΌγΑφα₯?£¬μι?μιΦΨίυσΛΫξά?φοΪφ½ύα΄ΣήΛ°ΣήωΑ?£¬θβΞία΄ί?μΡΪΕπΔφ¦ϊΉάΨδΜΛ¬?£¬?????φ’ξάμΡΪΕ??φ?ύα΄Κ«οΤρμΛοΚ«??‘£,
315,"?π«?Λο?£Ί

?σ­ϋσ?£¬?ΣήοοΣψίΎγΐμΡ?£‘

ΚΧΦυΝΫΚ°ς’ΟΉ£¬ΰς?ωΑΤ³ρι?ΦυΦηΜΨ?£¬ΛοΦυϋΏ???β©?£¬?κσβ©?£¬?κσωΑΤ³ρι?ΦυμιΪβξάγΏΝο?ς’£¨2019΄ξά?ΰψ?£¬άτς±Τ³?ξ€Ρα?ΝοοοΦηϋΏΦυ?κσ£©£¬ΡαήΑ?β©??β©Χ΅άτ?£¬?ΝΤΦυϋσβ©κΘ£¨?β©?ύΝΤ£¬φ¦χκϋσβ©κΘ?ΝΤΦυύΝΤ£©£¬?φΘΰς?ω¬ετ£‘",
316,ϋσβ©γΐριΝμμΡξάΟ’β©‘£ έΟϋυψϊγΖ Κ¦ΫΑΚ¦Νσ,
318,σ³άΑϊΟψΠάτψΠ   ϋϊεύωΌρϋΩ₯,
319,Which movie,
320,γ§ΠΞψΑρ«ΰ¬ϊήξ€ΤΤέΑΚΧθ¬Ϊ·ο£γΐάϊ?β₯£¬?φαφ¦όεΣπξ¬Ο‘ΥΞΚΧΫέΰσατξ¬οΧόΟ£¬γ§ρ«ΰ¬ΥΞξ¬Ο‘ΚΧΣπΫέΰσαίγχσΣρμάτς±όεάτόεΪόΞ³Ο­πΎΨίκΘξ¬ΪΕρμΛοΚ«κ£¬γ§ρ«γ§ρώΰγήΑΞ―ό₯δΜκΠΣήΚ«£¬Ϋέΰσό½γΐόεΚοήσγ§ρ«ΰ¬£¬Νμ?ΣΪπτΫέΰσα³γΑύ¦φ¦ΞηλΐΫέΰσι©?ΣΪΨγΩ€£¬ι©?ΣΪ?ίε£¬ξ¦γΐδρΟΠϋΏΫέΰσ£‘,
323,???ξάβ©Χμ£¬?ΚςσΧξ€ΧμΨό£Ώ,
324,ρι?άτγΐ?κσβ©?,
325,άτς±γΐάϊίΎκύκσβ©Ν·πΰο½ωΑβ©£ΏλΪγΏξάβ©άτμύί²ϊς£¬Σ£μύλρσγω»κύ£¬γΐ?£ΏΣή?ι©ΛΫϋͺρΆΦΞσ³?£‘,
326,Κ£ξά£‘γζΪ€Φ€χλΤ΄ΩΫ―£‘πϋΟΠμΡΤ΄ΚΧγζΪ€Φ€χλ£‘,
327,?φΡ¦φΡάτΠΰ?φΡ‘’?μιοίΜχύΫφΟ­??ξά‘’ύιΔοΓΰυ‘’ΞίχΧάτΫ°ψ΅‘’ςΑγΟυιΡΩκϊ‘’μιο?ίΜά©ΫφΛΫΟ­ΪΕξά‘’ΣήΚ«ϋ»ίΣδΜΩθμιω»?£‘,
328,τΈΜΉ‘£‘£‘£δ¨ηιεβόάό‘ΨίμΡα΄ύήΠϊΠΕλΏΟ­Ο­ς’ΟΉ?‘£,
329,ΝύζΤκσΣήΟΠω¦Ϋτ£¬Φ§??ΰΟΤ΄ιΔ£¬έΫφΜ£¬άΔΨ©£¬ςδΟ’σ³£¬Ρα?ΝΤ?‘£,
330,λΪγΏμΡΪΕψϊγΖ?ζΉ?ωκ£¬οΧ??ο‘£,
331,ΠΖάβΩνί²ϊςΫ―β©£¬Ων?Σήϋσβ©‘£,
332,?δ§?οΩέ€άτΟ­πΎ£¬?έΟ?άτέλχχ,
334,Σήβ©ό½ξ€Ν©αΩάτς±Τ³ήέΨΜμΡβ¦??χΦΝͺυσΥΞξά?,
335,ςΧΥαά¬ΰοβ©£¬ΡαΛΑβ©Πτ?Ωνέο£¬φ«β©Ο΅‘’ϋωέΠς‘’Κΐπϊ?ίΜξάΣπξάψΘβ©Τ΄ϋθξ€μιΡΓΦυ‘£,
336,"?ΩϊΣπξΌι©υψΣόύα΄??ΛΫΪΈΥςξάΣήϊ­ £Ώ£Ώ
ιλτΈΰέϋσ ‘¦?ξάγΐΫάΩΝΞ―ξ¦όενΒξάήΐ ‘¦‘¦‘¦",
337,ο³γΚγζΪ€ΧμτΈτΈοαφΥα£¬ΣίεΪξ¬οΧΜξΩΪΣΏήΠ£¬γ§ΠΞψΑήΦίΜΫ―ΞΓΨΣ,
338,ρι??ϊΎΰχΝνρύΦΨ£¬μ»σ¦άτ?Μ·‘£,
339,ΰίτΣίΎξάριΟΠΚ¦μ€ΛΗμιω»£¬ξΟΠ£ϋσβ©ίΎξάριΟΠ,
341,λςΣήΧΧΥΞξά άτι©π²πγΚ£ Κ¦πΰΚ¦Νσ,
342,ΣήθβΰΎμιςΑΪΠΩλωΣυΜΝΤϋήπ§δΜξοτ₯ πεεΰύήΚβΚ°ΩρΥιλ΄ό€ΥςΰςγΌθβΞΊ Κ¦μ€Χβϊ°ύρΨΠα¨κΕπ‘ϋΏ Σ£χΌΚ¦δΒνΡϋε ξΟπϊν»ΨΪ?ριΝμμιΚ«φΡξάΞ―ΨΪ άβςυίΎΩκσέΒά¬ ΠΏΟνοΩέ€ΪΠβ’Π£ϋΏ,
343,ΣΪ?ξ€£¬άτ?£¬γ§π¨όεάΑιΞ?Ωϊξά‘£,
344,"1£Ί38 μιε¨ρύΚΰ386 ΝλέΒ£¬

ρώμΧψμιλ£¬ΣΧς’μΡε₯ίΣγαξΟΰγΫφ£Ώ",
346,β©?γΐιΔΥΞΫ―β©ξά£¬ϋσβ©γΐιΔΥΞνβριΝμυψΣπχΌψΑεΗΛΫξά£¬δ²ξάπΣΟΠγΐιΔΥΞσέξά£¬ριΝμμΡΪΕξάξ―ί§ξ€ϋσβ©Ξ¦ύ­γΐψ°??ΝΨξ€ύρΨΠξάο£ίκίΎ‘£ΜΤ?ψΠν­άτγΐΠεριΝμμΡΪΕύήξά£¬ί²ΦγΤΈ?ΣΪόεϊΎριΝμμΡΪΕυΟαΡξά£¬ΩλωΣθ°ζΉόελίΨΎξΚϊΎριΝμμΡΪΕξξχλξά‘£,
348,‘°λΪγΏΟ΄?Ο΄γΏλΪ‘±£¬??ω»??,
350,?ΠΞψΑ?  £Ώ   ??ωβ?ΛΫωχϋσ,
352,ριΟΠϋδΰχυΜΣή?Κ«,
353,όΐ??   άτ?ΤπΤοΧ,
354,κσδ§??ξάΫέΰσφ¦κσδ§??ξάοΩέ€£¬??ΠτΞΦξά£¬?ίΜφθΣξ??οΩέ€£¬Πμ???οΩέ€γΐ?Φυ???ήΑΫέΰσμ»ίζ£¬άτι©ψΩκ³Φυ£¬ίΜίΜρι?μΡΤ΄ΚΞΦυήΑδ§?£¬????Τ΄άτγΐΩι?ΩιΝΊξά,
355,τΈ?£¬χκψμιλω»Σπ????£‘ϋδνΊω»Σπδ²??ε₯ϊΌ£¬ϋΏΞω?ω»ιλΦυ£¬τΈτΈ36 37ΣψχΌ?θ’Φυ‘£,
357,ΚοήσΣΪξάΦΕΣτ£¬εΣριΟΠμΡςδϋωΰχϊ­ίΎΞρΧ££¬ω¦ιλΩναΆπζ£¬οαΨόξέΠΏϊΎίΎκύ£¬δΉΝμψϊγΖ£¬ξΟήΑΤ΄γΐΜΡθβΪγό€α§Υτξ€ΣήνΒΩώνρ£¬Ραγΐχ»Ψ½β©ό΄£¬ψμιλΰχξ¬£¬ετΣπΦυΧΑξά£¬γΐχ»Ψ½ϊͺξά,
358,?σ·Πα£¬ΣήΣήΛΫί£ΰ€?σΜΦυΣήΛΥ£¬??ιΡΛΫ?έΑ?σΜΦυήΜψΑ?ζ΅?·?£¬ιΡ?ΡυΪΈμΡΪΕζΘΦυ10?ΪΈΡΡ‘£ΤυΣήΣήχκ?ήΑήΐΤ΄ΨΟθΗύ¨£¬ύΜγΣ??κΕ£¬φ¦??ΚΧΨΠΣήΚ«ξάωλ£¬?ΛΫΜ©??Κ«ξά?ΛΜΚΧΚΧΧμΨόκσ?κσ?μιρώ?‘£,
360,?ΰΜΩ·ριΟΠμΡξάΰςγΌ  υσΪ¦φ¦Κ¦μ€θΜυϊΥΘΦυ,
361,ξρμιΛΑη―ψΈξ¦Λ§χάβ©£¬ϊήξ€ιΡΥΞμισ­??,
363,ήΜδ¨΄ΛΗϊΤ?Ϋ―£¬Ψί΄εύσϋσ?£¬?Λο??ξάγΐ?Τπ?‘£φ¦ϋΏίΐ?£¬ϊ°Ϋ―Φυφδ¨΄£¬ΦΥ?μΡΪΕ?ίζόΐξ€φδ¨΄ξρμι?‘£άτΚς??£‘£‘£‘,
365,ρι?μΡΪΕ?ϊΉάΨ£¬άτ?Τ΄φ???ΰάϋσξά‘£‘£ίΠ?!,
369,ριΟΠ΄΄φ½β©£¬΄΄ετβ©£¬μ«φ½Φυ70΄Φυ£¬ΝύόωχΌα³£¬ίΜι©κσΝύόωι©κσΩύτ‘π€Σψξ¦φΫ‘ύΖόωΝύ£¬χ»Ψ½ετβ©αίγχλ¦οΩέ€ΫΣίΑ£¬ΛοΑετβ©αίγχλ¦οΩέ€ΫΣίΑ£¬σ³οΞξ€σ³νήΰχψάβ©σ³£¬οΩέ€ΫΣίΑ£¬ν»ΠωΛςδβ©Ν·ΧκοΩέ€άτΫΣ£¬ΣήΚ«Οντ‘έΒά¬£¬ϊήξ€1τΈ300ΝλΧνιλΥαΤ΄Κ¦άτετβ©‘£,
371,τΈιΞριΟΠ£¬τΈΨώριΝμ,
372,"ξρτΈάτγΐΩ»ηέμΡπγιͺΚ«μΡξ€λΪγΏΧ’β©ξ¬ω¬ετ£¬
ω¬υσοΦΰγπγιͺ?£Ώ
ΣπξΌκσΩκσετβ© ?
δ²δΡομεφξ‘ρμ£¬",
373,?Φυε₯ϋΏ£¬ϊΕωϋχ»?μΡΪΕξ’ε₯άτζΘ?ζΘ??ΫάδΡΥΙ,
374,μιΛΑτΈσΉ‘’ς’σΉ‘’μΡΪΕσΉ£¬ΦΕΣτμΡη΅κΐΣίξάοΩΟν£¬ό½κσμΡγα?γΐΠτξη£‘,
375,νΖ?μιε¨ρύΚΰ£Ώ,
379,ίΜ?υ’  μ€ύ­Ψί΄ΡρΨσνώΛ°Χ΅ζ΄Τ΄όεκσΣήιλ  ?ΦυΟ­ί²ϊςΣή? Τ΄ι©ξΟεΖΰέϋσ£Ώ  υΜπΩ?ξάγΐ ΠΡ΄Σήβ©όεΣαω»ύα΄ϊήή?ξέεΪωΑΤ³ίΎ Ω₯΄ξάψΑΠ³υΜΣήΫΙβ©ΥαΚΐωΑΤ³α§ω±Κυα΄ β©α§ω±όͺΣήΨΌετΨόξέ  ?ήέ?ΛΟξΟΣή?   ?ΣΪρΛ XXμιοκσ?,
380,α³έΟ?μιΪβψάξ€β©Χμ£¬μιΨόόή?£Ί?ΧμΠΖάβφ¦?ω»ιλ£¬ε₯?κσϋσβ©ετ?,
381,Νμ?ΣΪξΟΠϊδ¨΄ξ€νΒδ§?£ΏτΈιΞΝΘΡρξάριΟΠ£‘,
382,ύΩμΡξάΩ€ε₯γΐΩ€£¬ριΟΠμΡξάΩ€άτγΐΩ€,
383,κΙξ¬ριΟΠ£¬ΪΈξ¬ριΟΠ!,
384,ριΟΠηιτΆ΄ατϋσβ©?ό΄£¬άτπλ?Πτ£¬ε₯άτω±Σ½γύ‘£ϋσβ©Ξ¦ύ­£¬ΣαΥΞέώθͺξάχΟς’£¬γΐϋΏήΐ‘£γΐό‘ε₯γΐάΨ£¬Ϋνήΐι©ΣαοαφΥαΛΫΞΊΚΧ‘£,
385,Λο???ΡΓ?Ϊγωχ£¬?α―ξορι?μΡ£¬,
386,ριΟΠμΡΨ»όεκύηΆξά£¬ΦΥμΡΤΡνΒε₯οΨφααάξά£¬?ίΎετΣήβ©σ³ν­Τ΄άτΛφ¦?ΞΓΦυ,
387,ριΝμ?Ξ―ϊΎϊ­θβα©?ςΈα΄10Ψ²?ΪΈκͺ ?ζΤ??Ο­?Φυ φβ?ξάοΧμΡμι?Ω£ψ«ψΠίΎξά?ν­ φ¦??ΪΕμι?ΰψΡ’ξά?? φβ??ν­??ξάμι??? φ¦?ρμΛο?ΪΕξάψΑΫ Σ£φβ??Τπ?ΪΕξάΩ€άτί©Ω€ ?ΪΕε₯άτί©μΡ φβ?άτ?ΚΧάτΡΓδ²? ??ΤπΞώΞώβ’ς¦δ²?φ¦??φβ?μ»ήέ,
388,εύΝύξ€χ»Ψ½£¬ξΟοΩΣΪόεω»χ»,
389,ξΟγΐμΡό‘£¬Λ΄ιλΥα2-300ΝλΧΨφ¦ετΰχξΟεΖ£Ώχ»Ψ½ξά?Λ΄ιλβΛψ΅Τ΄υ±Ξ¦4-500ΝλΧΨε₯ΩξΟεΖΞ£νε£¬?Νͺλλϊ±γΐ??ΰέϋσ,
390,??ξΟ?ι»ζΆφ¦ετ£ΏΰςγΌΠρΛοΩΫΙβ©ΰβγΏ?£ΏήέΨΜμΡβ¦2μΡ£Ώ,
391,ριΝμΤ΄χκβ©ξ¬αΌγΣεσγήΰχ?α³£¬ό½ΰγδ§?ύϊίεα³Κ«ό΅ΣήΚ«£¬μΡΪΕΣξΪ³‘£,
392,Σήβ©?ύ­άΓάΦΰυαΌή¨βΛρύμ»ΥΞ‘£ο³γΚΡ¨σ³?ΞόΤ΄ι©ΣήΫ‘ΧΧγΌΦυ£‘Νρύϋ£‘ΠϊΚ«?δΕΠϊΚ«αώ‘£ξΟω»ν­άτιΔΫΑΝπΦυ£¬μΡΪΕχΌΨΟΦυ£¬ΩγΑΚΰ??ωχμ‘‘£,
393,Κ£αΌγΣ£¬γ§ΠΞψΑάτόεχκ?ΩϊξάίζΩ€ξ―?ΣΧήΐ£¬φβρώγΐόεχοή«Ρ¦ΥΞχ»Ψ½αΐο±£¬ΣήΧΑμΡγΐε°άύ,
394,"??βΝι©ξάμΡΪΕ
β©ό΄άτπΆ,δΜύΕϋϊς’?ς’??η΅ΩιΦ΅μν!

Π£δΜύΕ,?ρΆμΡΪΕΛοπ§. π§γΐ50Ϊ·ΝΤ?Ψό45Σψ,π§ίΎΨό40Ϊ·?,π§ρι?γΐ?ϊ,ήγΚ₯ΰ΄?,π§?ι©ιΔύΩ?EPDM (rubber)2x5mmξ€?θβΨόξ’Κ₯ίΎΰ΄?. epdm ωΌμ€ιΔΡΓ?50΄ξά.??Ϋ°Ϋφ??άΑ?ρΆδΜύΕμΡψΑδΜξά.?ρΆδΜύΕΜΪ?Τ΄ι©Λο??π§?ξά,δ²??Π£?δΜύΕρΆμΡΪΕξά?Ϊͺ.ο·?:EPDMμύς’μιΪ·,Ξί?γΐ0,5Ϊ·,ίΎΨόψΈ?ξ€ω»ΨόψΈ,ιΡω»ΨόρΡΓ.μιοι©???Ϋ°ΫφΛΫρ.ξ€β©Ρα?ξ’Ϋ―4ΚΗϋϊΧΏΚΗξάϋθλκχΟίΐπ£μι?ΣήΚ«υ»?ρΰχάτα΄Νφ?,?ήΑ?ΰ€γΐιΔ?χςβ©ξάαάΣψϋϊ?Υτ.",
399,άτγΐάΓΣτ£¬ριΟΠΠΡ΄άΥέ?β₯?£ΏΡαάτιΔζΘΦυ£¬τΡοΞ·ψι,
400,ΤΝζΤψξϋσ£ΏίΎκύΣή?άτοΞΰέϋσ ω»κύΰς?άτΣ¨ΰχξ¬‘£ριΝμάΑρϋνώΛ°Σή??άτόεΟχπ§ Σ£λξπΞξΟεΖξάϋσξ¬ζ¨Οχπ§ιΡκσωΌάτΤ£Ώ£Ώ,
401,τλΩύ£¬ξΟγΐ?ξά?£Ώδ²ξ€ΨΡΦΨίΎΰγριΟΠκσ?ύΰύγΌξ€ετβ©£¬ριΟΠ?ύΨΡιφβΩϊΤ΄?δ²ΰγ£¬ριΟΠΡαΧκκσετβ©£Ώ?ΚΧΣπξάΤ΄γΐΰ€Ϋ°ΪγριμΡήΝϋδΨΪτχ??ριΟΠξά£¬?γΐΚΧΣπΠ‘£ΏριΟΠϊήξ€μιο·χΌψΑ£ΏμΧριΟΠΨΪτχάτν»λ¦£¬Χ΅υσΥΞξάαΌγΣ?ψΈΣ«£¬άτς±Τ³γΐάϊ?ξάΡα?ερρμ£ΏΚ£εύ?ξάΡα?ερρμ£¬υζφβΩϊπΔμνόαάΦΚ«κ£¬ρμγζΛγ·ίζόΐ,
403,"Κ£εύκσΛΑα³ΟΠ£¬μΡΟ’1000ΨΏ£¬ιηΣπμΡό‘Σήβ©£¬500ΨΏΪΕ?ατϊͺ£¬φβξά?ΟΠε₯?φβσ¬άτύμΡΟ’£¬?ΟΠξάμΡΤ΄ΚΖΤπξΟΛΑα³ΟΠχΌσΣΦυ£¬μΧ?ϊ±ΟΠμιΪβμ€ίΎξάμΡΟ’Τ΄ατϊͺ‘£
ϊήξ€κσ100ΛΑξΟεΖξάα³ΟΠ£¬Λΰΰγσ’ωκΰχΦυμιΛΑΟΠΚ«£¬ϊ±ΟΠΩ»ς’ιηΣπμΡό‘Σήβ©£¬2000ΨΏμΡΟ’κσ1000ΨΏατϊͺ£¬ϊ±ΟΠμΡΪΕμγ?£¬Ωδ§?£¬δ²ΩϊμΡξΟ?ύ‘’ς’ξΟ?Σή£¬ξΟοΗμΡξΟοΗήΐάτφθΡΜ‘£
μ€ίΎΥΞν»Ω»ΟΠέ»?μΡΪΕΥ€ςώ‘£",
404,upρ«φχκ??ρΰχΚ¦μ€????ξάχϊάβ?£Ώδ²ίΜ??,
405,ΡαΛΑβ©ϋΏ??£‘ϋσβ©χάΣόμ€ύ­ι©γΐάταΌΤΈ?ΜΎΞ¦ΥΞξάθ°ζΉγΐ?Κ¦?ξά£¬ριΟΠμΡΪΕι©γΐό½Ν©αΩίΣγαριΝμξάό₯£‘ΡαΣήΚ«φ¦ΤυξΚήέΜΪύμΡΪγοαρύξρΩλωΣά»ΤΈ??φ¦ήέΦυΡα?ύμΡάτ?£¬ριΝμ??μγ?άτ?δ²Ωϊδ§?άτύμΡυΜύ£¬??ΣήΚ«ν»Ο΄ύάΨ?£‘,
406,"΄΄Ϋ‘ίζβ©ξ¬£¬?ΣίγΐΩύπΉ‘£α€γωΨόΣίΩύπΉ£¬ξ¦κσϊ°Μ½ξάΚ¦φ£¨ΰ»ςδξάΪΕρ«ΟΠΚ«£¬ΩκσΨί΄ατξ¬ξά£©‘£ριΝμρώόεΣήΰΎ£¬ΣήθβΰΎ£¬άτόεχκμΡΪΕξάχΤΝΘχμξ€γύίΎ‘£
χκριΝμυΟ?ω»ΥΞ£¬ΰχΨ‘μιΛΑΪΕρ«ξάοΩέ€£¬ξ¦κσΚ¦φό¬γως’ΛΗΰΌβ©ξ¬ξ¬οΧ‘£
πτξΟΛΑΚΗΣψΥΞΚΧ£¬‘°ψμοΩάτΨΜ£¬τΈΑάτς­‘±γΐκσΤ³Χβξά‘£
τλριΟΠμΡΪΕ½ΥτυΟ?ριΝμ£¬άτι©ξ’ΩνΝΠς’γ―ατξΟπϊΩω±ι©ξάτΈξ¬μΡό‘‘£",
407,ριΟΠοΩέ€Τ΄άτΞ·μΡΪΕήέόΐ?£ΏξΟήΑΤ΄άτγΐμΡΩ€?£Ώ,
408,ΣήΧΑμΡΪΕι©Μ±?£¬μΡγύι©ΛΗά¨ν»Πω‘£,
409,"ν»ζΤξάΥτΥα£¬άτγΐμΡΧΎΚ¦ωχϋ¬‘£
ΫΑηθ£¬μ€ΚυίΏΨΜ£¬ά¬κ³τΈιΦμΡ‘£",
411,μΡάτπΞτΈΧβ τΈάτπΞΛ£ν­. γΐ?ΛΑΤύων?ΰγ[μΡογ­τΈ]ξά? βΛξΚμΡΧΎξάφΥτκΖΥΞκΖ?π²πγξά[μΡό‘]όεχκτΈξ¬ΤυέοΫ―Σή.τΈΩώωΚΚ«φ¦ρϋγωί²ϊςΣή?Λγ·υλβ©ύ­ς’ΟΉν»οΨ·Φυ0.002υ©ξ€311μνάβΣής’ςθύ­ιΡόαάΦοαά.οΘξΚήΜτΉΣής’ςθό½κσΠϊϋΊΫέ΄άτς’ςθξάΟ‘ζ΄[ςθάτοΞ].λ¦χεβ¨ξ§ΦωπΪΰχξάΣΪ?ΩνΫφ[μΡογ­τΈ]?.,
412,μΡΪΕͺΛρͺͺΟͺΚͺ·?οΩͺςͺ’ͺΊͺ«ͺλνΊͺΞγύͺΞήχ·ͺ¬τΈ?ς’μΆͺΘͺΚͺκρͺͺβͺΚͺ€νΊΣΉͺΨͺΘΛ½ͺκͺ«ͺ«ͺλͺ«δξͺμΥϋͺμ,
413,ατ?ξάοΩέ€?κσ?πΎ£¬ϋσβ©γΐν»ζΤ?ϊͺ£¬ϋϊοΩέ€Ωι?£¬Ωι??ν­Κ¦μ€αΌοΞΦυ,
420,"ΚΧΣπΣήΧΑμΡΰγξΟγΐα΄ήΐ£¬ΟΠΠΖάβΩκσΦΕΣτυσΥΞΰγΩ₯ΩύπΉ£¬γζΪ€ΩκσΞΖΫςάΓΝ±£¬GDPίΎγ £Ώξοα¦Ν£GDP Τ΄ω»Λ½15£₯μ€ίΎ£¬ΟΠ?ίζ?£¬£¬Σ£ΩκσθβΟΠοτΣ€£¬ιΡωΌμ€π«γGDP,  ΞΦάτΤπξΟ?ΣήΧΑΛΫΚΧαΗε΄κͺ£¬οΩέ€π«γGDP κζκσμΤΣήΥατόψω£¬δΜΫΙΣήΥαΩνκέΝοοοίΎΨ©‘£",
422,?δ²??ΣΫβ©ΧΧμΡ?Ω€ξάξ€?β©ΧΧήΐ??Τΰ£¬ξ€??Κ«ϋϊμΡΪΕάε?ξά?ύ¦£¬?tmκσμΡΫΞύ¨??Σον­£¬ΛΫ??β©Ωώ΄?£¬?έο?έο???Κ«β©ΧΧΝοοο£¬δ²?ξάΠρ?Λο??κσμιοσ¬Λε£¬ί²?ασΛορύύ¨£¬ΛΫΚΧΚΧβ©Ωώ΄?£¬ϋϊ?ήΘ?Φω£¬ατ?οΧ?Ω₯?ϋΏ?£¬ΫΑϋσόωμΜΚ¦?£¬δ²?tm?ίΜΦηήέ????ωΟ??£¬άτοΘατ??£¬ίΜ?ΰ»χκβ©ΩώΠΰβ©ΧΧ?ί©κ«Χβ??ξ’???,
423,άταΕτΈ?£¬άταΕμΡ?£¬???υΜΠράβξάΤ³ΣμΤ΄?κσΦυ?£Ώ,
456,ριΝμΚΟέ»ͺΟγζ«³«ν«ΚͺΛΜ₯ͺ¨ͺΖωΌ?ͺ«ͺΛΤνρΛͺ·ͺΏͺθ£ΏΣήϋσβ©ͺ¬ΡΓͺ­ͺΖͺ€ͺλͺΞͺΛωΌ?ͺΛͺ€ͺλͺΞͺδͺι£Ώρι?μΡͺΞΛΛͺ΅ͺσθΧνεͺΓͺΖ‘£,
468,ρΌλςδΜξο?£‘,
472,2020?γΐμιΛΑτΈξ¬΄ξοΟΉμΡΧΎΩνμιϊΈΨσ,
475,θΗξοΤλς£¬BS ΚΕΣΞ?ρώΰΟξάΟΨ?,
479,ΚΧΡΓΥΞ£¬ό½ϋΏ?£‘,
503,οΨϋΏ£¬οΨ??‘£κζμιΩιΫφ?λςξάφ¦γΐχλρ«μι?ξάΫΞΜΨλε???φΥτ‘£‘£‘£,
510,σ?Ωι??κσ?,
511,?ήΐ£¬Κ¦ΫΑΚ¦Νσ£¬μΡπγψξψΦβ©Υτ??????,
527,ξΟβ©ΥαγΐΟΠχςΚ«ΨΜ£¬μΡΪΕΩνΚ«Κ¦Ού,
540,β₯λεάτϋΏ‘£0:59ύ­Τ΄Ωα’λεΦυ‘£,
544,?κσ?λε?,
557,?ξά?ϊͺΦυ ?ΩϊξάΟΠ,
559,Ωύτ‘Λ°γ§,
568,ίΎτΈάΑιΞριΟΠ?£‘,
580,Ωιήΐ,
587,Νμ?γκξι,
591,ΦΥΝμό½κσγύήΦΣίθβ?μιήΑν»ί―ϊΌ? ν»ΠωμΡΪΕΤ΄ι©όΐάτω»ΛΫΦυ  Νμ?ΣΪάτπΆ α¦Ν£άτόεϋΏ,
595,χϊρ«ξΟΛΑη―ψΈκσΩκσκήΪγΟΠδΜΫφ,
602,Σή?β©?ξάγΐχΌΣήΦυ£¬Τ΄φαχκμνάβετΦυ‘£,
604,ω»μισΧετΪ±έΑΜΘ£¬αΆκσμΡήέ?ΞΓ‘£,
615,?σψ?υύΚββ©£¬Σξγΐμνάβξάετβ©δ²έο??γύ£¬τΈιΞμνάβ£¬μι?μνάβμΡΩ€Κ¦ξ½100??σψ?υ?£‘,
620,"άβη―ψΈο½ΩΝ?ΠΌόωΝύ£¬βναΥΞεωκ£¬ετΩρώγΐ?ΠΌζΡυσ‘£
?νννΊΚΧαΕό₯£¬μιο·Τ΄γΐΚ£ξά£¬ετΩΰςγΌε₯γΐφβΚ«ξάήΐ‘£",
621,Σ£κΓ?ΩϊάτγΐϊΉξ¬δΕό‘ε΄ζΤδ²ΚΖΤπ?ΩϊξάΥής±κσΩύπΉ,
630,τΈΝλ?£¬?άτι©σ€ΫλριΟΠμΡΪΕ£¬?ι©σ€Ϋλξάγΐι©τΆυΥΨΏΣΫρόΥξάμΡ£¬?ι©σ€ΫλξάγΐεΣϊΕωϋγχΛΫήΙΫφΤΌΨ‘‘’γχΛΫελΦεν»λ¦ξάμΡ,
631,???πΛ£¬ί²?Σή?Τ΄έΪ?ϋΏ?τΈΦυ£¬??ΦυοΓ?£¬?ίΜ?£¬ί²?Σή?ξ¦16ΝλέΒύ§£¬άτέΪ?Τ΄άτϋΏλςήΦΦυ£¬άτγΐ?£Ώ,
636,ΞΌμΡφήΐ?£Ώ φΩφ?Ϊ±ϋΏ£¬??Κ«ΣαΥΞGDP£¬ ??ρκΜυμ€ξρ£Ώ ΣήχκΝΤΧ§Σήω½£¬?ίΜφΩήέμΡ£ΏΩν?ζΆ,
682,ό½άτφαφαΚολΪ£¬ΚοήσΣΪ£¬Κοήσδ²ξάπΣΟΠ?£‘??????,
684,δ²ξάΟΠ ?ΣήΦυ  Κ«Κ«ϋΒϋΒ Τ΄κσΨσή¨κύηΆςΚ¦μ€θΜβ©! ΚολΪΣΪ σΖχ£ΣΪ!,
687,"ΜύΧωί£β©Λ£τΈω»£¬ετβ©ετΣπΚ«Κ«?
ς’όΨμΡόΛΣΪυΜ?",
691,ΦΥΝμ?ξ’?δ¨σ­??ξάξ¬?Τ΄ΩναΆ? δ²?Κ«Ώδ¨?? £‘,
692,λξπΞννΟΠΞ―ΨΪξάΰγΫφ£ΊξΟήΑΣήβ©γΐΨΡΦΨΫ‘ΣΉπγΰχξά£‘£‘,
693,"ξςοΘάτϋΏ,σ¬ψΔ.λλϊ±χκό€υπϋ©ΡαΟ£:εΣψμω¦ιλξ’ΥΞΨνΦ­ήΑΚ₯μύ
ΛθΜαΕξά,ύρΨΠΣίδΝέΫιΩϊψΑδΜ",
694,μΧ?ρι?Νμ???Ν―??£¬αΆμ€ΦΥτΈ???Φυρι?,
695,"?γωξάΜύΧω ί£,β©Λ£τΈω»",
697,ΚοήσέΒϊ½?ίΣ  ?ίΣυΜςΟώ,
698,"Ωήΐ?
Ϊ°ΪΟιΡΚ¦μ€αμμιχξΚοήσΣΪξάΟ­κ΅£‘ϋϊ?μιχΨαΌΫΑμΡκ¬γτΝΘπΞψΈΦυ
?άκ£‘",
700,"?ΞΌδρξΚΰΌΥήξάριΟΠΤψΰ 
δΒκ‘φαόεΞ¦ΛΫ?? υζψΑδΜ",
701,???άτς±Τ³??κ«μΧ,
703,ϋΏΛγύ?   ωλωλωλωλ,
704,ετ?~~ετ?~~ετ?~~ετ?~~ετ?~~ετ?~~ετ?~~ετ?~~ετ?~~,
705,"κσήΑμΡοαξ€ιΔσ·?ϋΖάτς±Τ³ξάΫ°γγφαά?Χ«?έ££‘ίΜ??Πμ?ε₯φ¦?ί²΄ξάήΐ‘£
2020ξογζόιίδψμΧΧ?ΩΝ£¬υσΠό?£¬μνμύ4κΘ?μ€ίΎ‘£ΩιβΝμΪΧ΅£‘βΝι©??£‘?μΡΝονΒγψΤ΄Κ¦μ€ £‘?ηΚωκνΒΞίΧ΅£‘V:jiuyi696",
706,Κοήσ?£¬αΌΫΑΚ¨Κ¨Ωϊ£‘,
709,ΦΥτΈε¬κϊ£¬ύρΨΠχκαΆκσξάιλα§σ’ριξ€έΑΜΘμιΡΓνΘΛ£‘,
710,?ξάΫ―θΗΤΈ£¬?αΆκσα³γΌΪΕ?θΗ?ΦυΛΫ?ίζ?έΖΩ€£¬φ¦άτόεκσ???χΟ?Ψ«Ϋα£¬ΨΟΤπ?ίΜΤ΄?κσ??‘£?ξάΚ¦έθ,
711,ΜύΧωβ©ό΄Λ£τΈω»£‘,
712,"τΈξ¬μ«ΩνΫφω­Ψσ,ό½κσμΡό‘...ΝΘΦυΦΥΫέΰσ......",
713,δΜξοπ―μι£‘??ΣήΚ«£‘Ξ‘??Τ³£‘?ϊ­?γζ?ξ€£‘ξο?ΣήΚ«£‘??α¦Ν££‘Π‘?Πλ?£‘ς¦ύΩ?Ϋά£‘άτπγ?£‘άτγα?£‘άτ??£‘δ²?μΡμΡ???£‘μΡμΡ?δ²???£‘δ²?ξ¦?κσξρΤ²£‘Πφ?Ψ°ΞΦ-?ΠΧ£‘?Φυ?Κ«δΜξο?ο£‘?ΠΧγΐάτΤπμ«μ»?ρύ£‘ϋΏϋΏ??£‘τΈτΈ?άΖ£‘Ω₯ά©γΐήͺ£‘γΐΨί?μΡξά?μς£‘,
714,δΜξοπ―μι£‘??ΣήΚ«£‘Ξ‘??Τ³£‘?ϊ­?γζ?ξ€£‘ξο?ΣήΚ«£‘??α¦Ν££‘Π‘?Πλ?£‘ς¦ύΩ?Ϋά£‘άτπγ?£‘άτγα?£‘άτ??£‘δ²?μΡμΡ???£‘μΡμΡ?δ²???£‘δ²?ξ¦?κσξρΤ²£‘Πφ?Ψ°ΞΦ-?ΠΧ£‘?Φυ?Κ«δΜξο?ο£‘?ΠΧγΐάτΤπμ«μ»?ρύ£‘ϋΏϋΏ??£‘τΈτΈ?άΖ£‘Ω₯ά©γΐήͺ£‘γΐΨί?μΡξά?μς£‘,
715,χελςβ€Φυμιω»£¬9κΕ19μν??γζ?φ¦κσ?Τ³£¬?Τ³?ξ€‘£,
716,άζ??ΩΎαΌγΣ!?άζξά£Ώ?ίΎμιβ€ξοΤ΄κσ£‘?ΰ€??χ»άβγσε₯?ρ‘?Τ³Φυ‘£,
717,ψμιλμΪΫ‘ί£ϋσΣτφΘβ©ξ¬£¬οΩέ€χουσΟ­κ΅μΡκ¬½Υτκ΅Ο­ατΝέΪΕ?£¬ρΤπάτσΉ?£‘κσΚΧΣπζΉοΧήέΨΜυ±Ξ¦20ΨΏμΡό½ΰγν»Πωρξά?άκ?£Ώ,
718,Κ¦Φ»ξάα³?Ο·,
719,Φ΅μΡςΙέΗ£¬ύΡρύιΫΐ£¬δ²ΟΠ?ΜυΜΪ?Σή?£¬φ¦εΣδ²ΟΠξοΨόάΖμύ?ΟΠϊΌΦͺ£¬Ν©αΩ½Υτ‘£,
720,ΚΧΤπδ²Τ΄άτς±Τ³ι©?δ§?Φυ£Ώ,
721,ΚΧΡΓΥΞγΐΚΎλςνΘΣόξά‘£,
722,ΟΠμΡΪΕ?ΜυΝμσΣΦυ‘£,
723,ύρΨΠΫέΰσψΑδΜ,
724,ρμΡξάΚ€?ξ€Τ³ΣμϊΌ?,
725,£»Σ¨δΒασδ¨ΰΌεφΤ³?£ΏΤπκσω¦πΰιλβχνώαψάτά»‘’ΡυΩνδΉΪ―φνέΦ+++,
726,Ώξ¦?άκ??,
727,???ίΣ??,
728,"δ²μ€?ψμιλμ«ΜθοΞΦυ??
κΓψΑδΜ",
730,ςΈα΄ί²ϊςΣή?δΜξοΦυ£¬Τ΄γΐΣΪξάΝνΦΜ‘£,
732,μςωΌίζΩ€Τ΄?ΤπμιΟ­£¬Ο­??ϋΏ??,
733,?ΝοΚυΦω ΩμΡΚψΤ½,
734,ό½κσ135000μΡΚΧΣπ,
735,lvμι?,
736,α³ήΐμιΛΑα³υ½νφμ»μ«~~δ²Ωϊό½κσΣήΥαξάξϊΡ¦Κ¦μ€Ντχ»~~~DX~~~μιο·μ€ΣΪξάΧΧμΜ?ρμ~~μΡΩ€άτ?ο±,
737,α³έΟ?ηιΩΎψϊγΖ?γΐ?΄ξρξάψΈΣ«£‘,
738,2020 χΌΚ¦?Φυ£¬χΌύτΈ?£¬Κ¦Φ»ξάμΡ?ϋϊ?ΪͺΤ΄ατΝΘΦυ‘£sad??,
739,ΜύΧωΫ‘?Φυ,
740,ύρΨΠΣήΚ«Τ΄φψΑδΜΩνήΐξάτΜΧξ,
742,ΥΞάτΠαΤ±ξάόε?εΖ??  Τ±υσΥΞξάμΡΩϊ εύΝύΫ‘ϊήφβΩϊξάφΡιΚ«μΡΩΤ±υσΥΞόε?εΖδΉ~?,
743,έΟϋυηιΩΎψϊγΖ£Ί?ΩϊΚΧΣπξάΤ΄γΐΚ£ίΪ£¬ρώκσδ²φΡγσΜθΥφξ¦ί©,
744,τΈΨώριΝμξάμΆίΪήΊήΊΰ·υσ,
745,γύχΤ???Κ¦γΐΩιφ?Υτ,
746,"μιιλΰχσΩ?πθή«
ΫέΚ«Ωνα΅?Κ¦έθ
τΆΡ¦ΨΏΥηΥΥΟΪέα
ήέάτόβΛΗχκΩ€υΚ",
747,άτσΉ Φ§?Τ΄Ο­  ΠΡ΄χΌΝΘΦυ??,
748,αΌΫΑκ¬Κ₯κϊ,
749,R.I.P.,
750,Κ£ξάΰχέΒέο?ύ,
752,ϋΏΠτίΜς±Τ³£¬ω¬ετξάΣπξΌγΐάτγΐς¨ς₯Νμ??π€Σψξά?υ½??..εύΝύγΐ£¬ετΣόε₯?μΡΚ¦Φ»ξά‘£‘£‘£φβ?ς¨ς₯Νμ??ΚΞ?Ωι?σ­?τΈϊͺΧβξάήΐοΧ,
754,"κσΣήχκ?ψωίΠϊΫέεβ ""ζΉ?ζΉΧΑ"" χοή«Ρ¦ή«κΖΟΠπ·ΦΕωώΰΚ Νπ?ριό€ΪΕΟΠ. ριΟΠμΡΪΕψάξ€β©Χλ  όΐξ€ΝΘΡρδ’ζΠ",
755,ΣήθΜθΗζΘο±?£‘ζΘ?,
756,μ€ύ¨ξ’?μΡΚςξ€ωΑ?Λοθ©Φυ...,
757,ετβ©‘£‘£‘£‘£?ΧκΚΧυσΥΞΟχ?£ΏπΞμιω»β©?ΚΧΚΧ,
759,ΝΦΦυ£¬ΩΟ·λΏύήΦυ,
760,ΜύΧωί£β©Λ£τΈω»£¬β©Ν·Μ½π§εσξ¬ΪΕ‘£,
761,?όεξΟεΖ£¬κΓΟΠχΑΪΕδΜ£¬ω¦πΰιλβχ£¬α¦Ν£ϋϊψΑ£¬ΡυΩνδΉΪ―φνέΦ£¬ΣήΚ«ψΑδΜ??γύΡαήΑχΟΰ΄Χ΅γχΣό£¬δΉΪ―φνέΦ,
763,ΨͺΞΌιβξ€Ϋ―Σήτύ£Ίβ©ετφΟΪ,
764,ωλωλωλ£‘β©Τ΄,
765,ο±ξοω¬χ±Ξ―?Μ€£¬ς’Ϋ°κσήΐξ¦α³ασα³άΝ£¬ήέύα΄μΡΤ΄γΐμιΛΑβ¦νμ»μ«£‘μΡΪΕΩνΥτΪγωχ£¬ι©ιΔμιίζό΅φ’ΰγμισ­?ίΣ‘¦‘¦έθδξ,
766,νΡΪΕψμοΩ£‘,
768,ύ??Ϋΐ£¬ςΙ??Ξ―‘£,
769,Κ£γζΪ€? ΣίδΝΝμέγΟΠ?ΥΞξάξ¬Ρρ£¬70ύ΄άτΤ΄γΐω¦πΰιλβχ£¬μΡμΡϋϊϊ²£¬μΡΠ³GDP 8000ΨΏΪΈΡΡ£¬Ξ―κ¬ε₯πτΥΞάτέ―ψ¨£¬ιΦΠμΝμέγΣΪίφΡΐΜΪγΐ?Φ―Σπάτφξ’?Φ―£¬μΡΚΰτΈΣΡφ¦ξ€ΝμέγΟΠ??,
772,Φϋλ¨,
773,υΜ?δ²ύΫκΠϋϊΚο?ξάγΐΟ­ΦυΟ·‘£?γΖΦυξ€??£¬μΡ??ιΝ?Ϊͺξά??οαξ€π«ΝΤ£¬γΐϋΏήΐοΧ£‘ύρΨΠρι??φαυσχ»‘ΆάΑ??Ϊͺ?ΦͺΫφ‘·‘£μΡϋϊ?ΪͺϋϊγΥΪͺΤ΄ι©ΤπΣπΫφΧΘξάάΑ?ϋϊμςΰυξά??‘£,
774,ΩμΡφΞΌρΌξάξ¬Ρρ£¬δ²ίΜς±Τ³?ξάμΡμΡίΐγΚήΊΧλΡαεΖΤπΟ­?£ΏγχΛΫΚ«κ£¬Ο­ω»ξάμΡεύωΌίζόΐω»ΛΫ?£Ώ,
775,υΜΠΞκσΣήιλ??,
776,?ιΔΣή?γζ?ξά???ρ?Κ«£¬Κ¦μ€ξά£‘?ΚΧξΌω»μιΟΨμΡΤ΄ΝΤπΝΦυ,
777,χμΪΠ??,
778,ψΠν­ξ€?Χμ £Ώ,
780,Ωήΐξά£¬ρώι©Ξ―ΨΪάτάΓ£¬ξΟήΑΤ΄γΐΚ£ξά,
781,ό½ξ€ετβ©£Ώ,
782,ΤΌξΠΏΟν£¬εΣΝμ?ΣΪχ±έ―£¬ψ¨ΦυΫέΰσξ―?Ον,
783,εύΝύγΐμιΛΑοαίΘΫέίδΪΕρ«ΟΠΚ«ΤΌΨ‘όεξΟεΖν­?£¬?ΡΜχ­ς¨?£¬ΰχ?μ€ΛΑΜύΧωί£β©Λ£τΈω»ξάΪΕρ«ΟΠΚ«‘£,
784,φβΟΠήΐΩβ,
785,τΈι©ΨώριΝμ?ϊͺσΣΦυΦΥΫέΰσ‘£,
786,κξΝπτΈω»άτΥ―£‘?ΧλΥΞξάβ©ετ3Ϊ·η―ψΈίΎΚΧε₯άτΞ¦1Ϊ·ύμ»μ«,
787,????,
788,ριΟΠμΡψϊγΖδ²ΩϊύρΨΠόήΟύριό€ΪΕΟΠ??????τΈΨώριΝμίζΡ¨??ίζΡ¨??ίζΡ¨??,
790,ΧΊΫέθ°,
791,ϋσβ©,
792,ΡυΩνδΉΪ―φνέΦ,
794,βΛλςΪΠΛΑγΚήΊϋΫ?,
795,άζ?ξάαΌγΣ?ν»?λεϋϊΞ―Ϋ°Ο­???£Ώ£Ώ£Ώ£Ώ£Ώ£Ώ£Ώ£Ώ£Ώ,
797,π§??κσΛΫ??ξ¦??ίζ??ήΐΛμ,
798,Κ¦ΥϋΜύΧωξάα³υ½νφ£¬,
800,ΜύΧωϋσβ©Λ£τΈω»,
802,??9κΕ19?£¬Κ§Κ§£¬ΜύΧω?Ρ’πΔ?‘£ΜύΧω?Ρ’ξ€Σηνξρύ¨£¬ε₯φ¦γΐ7κΕξρύ¨ρ§ιΣ‘£Σην??Οέκ«£¬ύή?ν­£¬??ρΗ£¬τΈω»ιλ£¬Κ§Κ§‘£,
803,άτγΐμΡξάριΝμ,
804,ΞΖΰ€Κ¦μ€ΤΌΨ‘‘£,
805,"ΚΧάτ??ξάγζΪ€£¬""Ξ―Ϋ°άζαπαΌγΣ£¬ΠΑκσμιΣ«Ο­ξ¬?ΨόΧ΅υσ£‘""αΆμ€γΚήΊγΐΞ―Ϋ°Χ΅υσ£¬ό½γΐ?""Ϋθ©άτοΞΣξ?£¬ίΎτΆμΡω¬Νέ£‘""?ΜσμΡ£¬Σ£γΐγΚήΊριΤ΄ΩΚΧΣπ£¬ξ€ΡαμιΣ«£Ώ""κσΤΌΚ«?Ψό""£¬γΐΡαμιέ»??ΚΧΣπξάϋΏίΐΤ΄γΐΝμΣΪαΌΫΑκ¬ΪΠξά!??εύΝύι©ΣΧμιΛΑΪγΣί?ΟνξάλωήΝ£¬φ¦ΰ»χκν»ΠωΞ·ΧβϋΏ£¬?γωΟ΄ρϋΨίμι?νΐΦω‘£άτι©Σ¨νρφ’λω£¬??φ’υΑ£¬ιΔιΖΤΡξάψφπΉψΎφ’οτζσαγ£¬ξΟεΖϋϊ?ΨαξάΝμΣΪσ¬ά¬ξ€ΡαΧλ!?",
806,κ«ΥΞγΐχΟπ§£¬ΡρΞΦίΘίΘΫ‘ίζΟχπ§£¬άτγΐ?κσο±?£Ώκσο±Ογά²ΤΌΩλ£¬?ο±ΛΟϋΏπ§ΫΑ£Ώ,
807,ς’?ΪΈΜΨ£¬???ιΝ?ΩΎ£¬??μΡΪΕξάϊΉάΨμνίΘ,
808,μΡΪΕι©ΛΫξκλλήδόεμ»άτγΐήδόεΛΫξκλλμΡΪΕ,
809,"?ΧβξΈΣμΡΟ’£Ώ
ΧέΠΊΛ­£Ίρι?κσ6?μΡβ₯μύάτπλ1000‘£
γ§?ω£Ίετήέ‘£",
811,"κσ?ϋΏΣή?α³ΞΦξά£¬γΐ???β©?γΐ?‘£‘£‘£
?Ϋν­ΚΧίΎΛΫ???£¬?κσω¬χς?ξάξιίΪ‘£μΡ?ήΐ‘£β©μιχά£¬μΡφ¦Κ¦μ€όήΚ«‘£Ο·Τ΄ω¬Ο­Φυ‘£?ΠοεύΝύΫ―ΝΤ?ξά?ε₯???ήΐ‘£Ϋ―ξ€ξΈξάς’Ϋ°υΜύ??γχ?ί²Ψ²μΡΪΕ?‘£",
812,"τΈΣής’Σή?κσ?ξάλΪοΧΣή‘£ωΑ
δ’β©δ’?κσΩΎρ«ΰ¬λΪοΧδ’‘£?τΈΤΰΠμ?Ωι?‘£?β©ΤΰΠμ?Ωι?‘£ΩώϊΤ??ξάμΡ?οΓήΐάτί©ήΐ‘£?τΈΤΰς’γΐρι?μΡξάΞΓ???‘£",
813,σΣΩνμΡΤ³,
814,ϋΏγύκσϋΏάΓ£¬ριΟΠό½γΐκσϋΏμΡξά£¬άτς­Ο­μΡό½Ο­Ο·£¬ύρΨΠίΎτΈάΑιΞμιίζψΑδΜ£‘,
815,α³έΟϋυ£ΊΚ£ξά£¬Ϊγό€α§ΥτπγΚ£η―ψΈ,
816,τΈξ¬,
817,?£¬δ²?γΐίΜ?ΡαήΑάτΩ₯?ίΣξάμΡ?£¬α΄ΚΧοΓ?ήΑΩι?ύΩριΝμξά??£¬??β©?Τ΄γΐα³?Ψό£¬?ΞΦάτΞΦΦυ£¬κσδ§?ϋΏάζ?ξά£Ώ,
818,ριΝμΣΧζΤι©άζαπαΌγΣ£¬άϊφΞΡαήΑα³έΟϋυφ¦άτόεΝ©αΩσΖεΐριΝμϋΏάκάκ???ΦΥΫέΰσξάΰυΩ€ί©δ§??£ΏρώγΐριΝμβ’ριξά?σψίΜωάφ¦ωάίΜΠεφβΫ―ΣπΥ΄φ¦Υ΄??,
819,ριΟΠΫέΰσμγ?Ο­ξ¬ρμι©ό½γΐκΞϊφχ»Ψ½ρμι©,
820,ριΟΠμΡΪΕρώγΐ?ΠΞψΑ?ϊΌοΩφ½πΓνΒ ?Νμ??φ’Ω£?ξάΚ¦ΧΧιΔίζΪͺνΐκΉ,
822,unbelievable,
823,ριΟΠΣπτ₯Τ΄γΐκΞωήΩ,
824,"τλΩύγΐωΌγΑΫ‘ίζ£Ώ
άβ΄6κΕ11μν?£Ώ£Ώ£Ώ",
826,Κ£ξά£¬ξΟήΑΚ¦γΐφβΩϊΝΤΣχεόωΠόβϊρυσΥΞξά?£¬ιΧργξάμΡΧΎ?δ§?,
827,ΩχύΫφ?’¦?ΩϊριΝμΨίτΈΤ΄ξ€ίΜ??εΖΩλχΦχ»Ψ½£¬??εΖδβ?χ»Ψ½£¬ό½όεΞ·?ΩϊμΡΪΕξάήέόΐ£¬ΚΧ?ξΟμιο·?’¦,
828,τΈ?ριΝμ£¬?ξ€ω±ϊΌ,
829,20200928 ΰΌιΔριΝμΟΠνώτ₯£¬μιοΗα³ήΐΰγΰχδ¨ΫΓήΐ£¨οαίΘαΌγΣ£©ϋδΫέΫΓΰχφ¦£¨Κ°ΝναλΣμ£©£¬σ¦ριΝμΦΕΣτηΘΩ₯ηΪςͺ£¬ιΡΰχυΜΣή?Κ«£¬ασΧβριΝμΟΠμιΧΘΜξΩΪΣΏήΠ£¬Τ΄γΐλςθβϋδΦΗϊΌήΐΛμΤ΄ΩμςωΌίόΟ‘£υΕΜΏφ¦γΐεΣριΝμΟΠν»κ­Πμΰγ‘£,
830,"Ϊγοα?ΩϊμιςΑΚΖΤπ£¬ ΣΪ=ΟΠΚ«=ΪΕπι
ξοα¦Ν£Τ΄ξ€ΪγΝμρώκσ?Ωϊ?ννυσΛΫό½?ξΚθβΰΎ
φ¦Ν©αΩΣΧ?σψ£¬?σψφ¦γΐδρ?Σο!!
ΚΧΣπξΟπϊη―ψΈδ²ΩκσμςωΌΚοΚΖ‘£?άτγΐΫ‘ίζξ€χ»Ψ½",
831,τΈξ¬κΐάτΠΰμΡό‘£‘,
832,ξΟπϊάτΞ·Ϋέΰσοαξ€ατβ©ξ¬ΤυπϊπϊΝΘ‘’μιτΈΣπ?ρώχκν»Πωω¬ΧΧμΜυψϋηΣπεύσς’άΖρύοΩΣΪ£»ό½?ΤπΰΌΥήΫέΰσΛΫίΣγαφβ?£ΏριΝμάτΤυεΪριΟΠ‘’ΰΌΥήξά?£¨?£©Ωϊϊ±γΐ?ν»ΠωθΩύ­ξΚίΜξάγΑΚΎΦυ£¬υζάΨΣήΚ«Τ΄φδΜξο‘£,
833,"ΩνγΚξΈΣΫ―β©Χ΅
ριΟΠΠ³έ£χ­ήΈΟγ
?ϊͺΦυΝμ?ΣΪ??",
835,??????,
836,ριΝμφ¦γΐχκμΡΪΕΣΧ?σψξ€ωά?    χ»Ψ½μΡ?ωΌΣίριΝμΪγΚο    ξΟφ¦γΐκ«μΧ   υΕΟύμιΟ£ό₯  ν»ΠωΟΠΚ«ν»ΠωΟ­,
837,μιΛΑρώξ€ϋΊΥΘή¨ο±ή«ξϊΡ¦Νπ??ΟΠμ»άτχκο±ϋωξ€μΡΪΕγσίΎξάοΩΟν,
839,"άτιΔΚΧΦυ . . . χΧχΧετΣόί©Φυ, ΪγοαγζΪ€ε₯άτόεάΓΣτ, ?ΩϊοΩέ€ε₯άτόεΧβ?Ωϊ, ?Ωϊριδηε₯ρώόεΟΪΡ¦ι€χ»κΞϊφχ»Ψ½μ»μ«, ι©ξΟΛΑοΩέ€ΚΟδ§??",
841,ΪΟρ«ϋΧ?ψ’Τ³£¬δ²φ¦γΐ?ΰ€ΜύΧωμΡ£¬ΜύΧωΠΡ΄γΐκσβ©?γΐκσέ»έΒ?ΰςω¬ετ?£¬Σ£γΐ??Ο΄?ξ’?£¬π―μι£¬??ΣΑβ©?άτξ€?Μύ?£¬π―μ££¬?Μύ?κσβ©?£¬?κσκσμςωΌΣήωΑΧ΅??£¬?ί£Τ΄άτΪΛσ’£¬π―ί²£¬?Ρυΰ€έΑ?Τ΄έΒάτ?υ’ΜύΧω??ΣήΛ°ξάΧ΅ϊΎ£¨?Λ°£©£¨Σώό£Λ°£©£¬δ²Κ«φ¦ξ€Λ°?‘£?£¬,
842,Τ΄ι©ριυΥΦυ£¬ό½ξ€ετ£Ώ??,
843,ΣίϊΕωϋ?ϋΏ ν»ΠωΟΠΚ«?μΡΪΕΤ΄?ΛΑ Χ«ήέ,
845,έθ?‘¦άτξ€ϋΊμΡΪΕήέόΐ£¬ΥΘή¨νΐκΉαΣθφχ»Ψ½£¬χκγύήΦύΫ―μιοΗξ€Ο­πΎϋσβ©ίΎ£¬ΫέΰσύϊΉάΨ?‘¦,
846,γ§ΣήΣήκσήΐ?£Ών»ΠωΜΡβ©ξ¬Φ§Φ§£¬ό½μιτΈΣπ?Ξ·χ»Ψ½£¬ν»ΠωξάΟΠΚ«ν»ΠωξάμΡΪΕΫ―μιά«άτΟ­άτΞ·£¬Ϋ―μΡΪΕν»ίζν»Ψώφβκσά»?£‘????????,
848,Κ₯ρΆΡα?Σήϋύ£¬γζΞζΉοΧήέΦυ20Ψ²μΡΦυ£¬ΪΈ?άτγΐμι?Σπ??ήΐ£ΏνΒ?μι?Σή?£¬Κΐ?ήΐοΧΤ΄ι©ΤάΖ?ΧβψΠΞΐ?μιχ»?‘£άτίΐΩ»ήΑς’Ϋ°£¬ρώφ??οο‘£,
849,ε΄γΐΝλΝ±?π§φ¦κσΚ¦φίγίΑ?ΫΣίΑ?£¬ό½κσυΪΟΌτ‘μς£¬Κ¦μ€?Ξ―ξάήΐβΑΚΟ,
851,"ξ€μ€ξρχ»Ψ½μΡ£¬ς±Τ³ΣήΧΑατξ¬£¬άτΦε.Ξ―Ϋ°.ΪΕΚΰμιουσο±υσΥτϊππΎΟ­ξ¬£¬ν»πτχ»Ψ½921Σής’ςθρύύ­£¬χ»Ψ½μΡτΛξΌΚΧ?ριΝμξάΩνφ»£¬γωξ€εΣμΡγύωΞ
ΣήΧΑΨίσ­τΈξ¬μΡό‘£¬ριΝμΫ°ΨόΠΖάβφ¦ϋΏΩνρ?£¬χκμΡΣΧυείζΚΧ£¬άτγΐξοΥτΟ­ξ¬£¬μ»γΐάζαπαΌγΣ£¬φθδβΪΕ?",
853,άΓύμάτάΓιΨ£¬άζαπαΌγΣγΐδΉΝμν¨Ξ±ιΔξάΠλΥΦ£¬ριΟΠμΡφ¦γΐέθδξ£¬?γΑω¬ήέΨΜΤ΄άτς±’¦,
854,?φ¦γΐ?δ§?δ²κΖ??£¬κΖίΣγα?Κ«μ»κΖάτΰΪ????ϊ­θβ?ν­ξάκ«μΧ??ΛΫΪ°ΪΟβ€ίγμιω»£ΊΜύΧω ?π§£¬?ξά??θΗξοΤ΄κσ£¬δ€ςΈγΐΞ―Ϋ°ΨΪ??ΰ€γζ?ξά?Ψό£¬μ»σ¦γαγΣΜΪθΗοΪ??13μΡω¬Νέ£¬ξοέ»δΜξο?μΉ£¬γζ??γΐ21?£¬ϋϊ?αΆ?Ξ―Ϋ°άζ?£¬τΆμΡω¬Νέ£¬?Κ«?Ψόσ¬ξάε₯χΌύΦυ£¬?γΐ?ΣΏ?£¬?Σ±?,
855,ξ€ξΟεΖξάοΩΟνΦΕΣτω»£¬ΜύΧωί£β©ξ’ε₯άτφΛ£τΈω»Φυ‘£,
857,??άτ?£¬ριΟΠξ¬οΧσΣρμ£¬γ§ΠΞψΑυΜΠΞό½ζΘ5000ΨΏΪΈκͺΠεΦ€ωκΟΠ£¬ξοάτΞ·ΣήΧΑμΡΪΕήέόΐ£¬ρώΞ·ν»ΠωοΩΟνάΑρ¬£¬ΣήΧΑΤψΰ?ΩνΥτΪγωχ?£¬?£¬κΓΦΥτΈάΑιήτΈΨώριΝμϊ°Ο­14εβριΟΠΤψΠ?,
858,τλάτι©ϊΉξ¬δΕό‘£‘,
859,ξΟπϊρμΣήξάαΌγΣε₯ι©άζαπ£¬ό½?άτς±?τΈμιΛΑΰύΤΝζΤαΌγΣξάερρμήΐχΎγΐάτγΐε₯ι©άζαπ?Νμ?χΦφ½ω»?ξάΩκσϋϊψΑξάμνν­,
860,ς’Ϋ°οΩέ€έΆσπΠϊδ¨πΌ£¬ΠωΜθΨΏΜ€άτάΦ,
861,"‘ΌφΘριδη?κΝ?Κ«?κΝ£ΊχΟΟ·?Φυ?ξά?Υ¬£ΏφθϋΫΪΠ?£¬?ΰ©?ϊΌ‘½

???σώΞ―?£Ί
θέΣή? ?ι₯κΞ (ΝλδΜ)",
862,άτ?ί²?Σή?Φυ£Ώ,
863,ΚολΪ?ήΑαΌΫΑμΡ?‘£Ο­Φυ??ύμΡ‘£ΝνΣμΩιΥα,
864,γκ?ά»!ρι?μ«?ύΓ?Φυ£¬νΖ?ξάήΐ£¬?Τ΄άτς±Τ³?,
865,ΣήΧΑΞ―Ϋ°άζαπαΌγΣάτεΣμΡΪΕς±Τ³ν»ζΤξ¬ϊͺξάΝπψΧ£¬αΆμ€ΣήΧΑΩνΥήίΒμΡξ¦ξΟ?ύάτεΣμΡΪΕς±Τ³ΣίΣήν»ζΤξάΜΧθζιΡΩνγκΦε£¬αΆμ€ΣήΧΑξ¦όεκσξΟ?ύξάόΨΧ½ξάγζΪ€,
